,URL,Page_Source,text
2438,https://www.fbi.gov/contact-us/field-offices/minneapolis/news/fort-thompson-man-sentenced-for-abusive-sexual-contact-of-a-child,30,
2713,https://www.fbi.gov/contact-us/field-offices/mobile/news/two-dale-county-residents-sentenced-for-sexually-exploiting-a-child,33,
1232,https://www.fbi.gov/contact-us/field-offices/jacksonville/news/north-carolina-sex-offender-indicted-for-attempting-to-entice-11-year-old-child-to-engage-in-sexual-activity,8,"An official website of the United States government Jacksonville, Florida – United States Attorney Gregory W. Kehoe announces the return of an indictment charging Geoffrey Lee Dudding (39, Concord, NC) with attempting to entice an 11-year-old child to engage in sexual activity. If convicted, Dudding faces a minimum penalty of 10 years, up to life, in federal prison and a potential lifetime term of supervised release. Dudding is a registered child sex offender who was twice previously convicted in North Carolina – once of indecent liberty with a minor (2007) and of solicitation of a child by computer to commit an unlawful sex act (2024). According to court documents, on January 13, 2025, an FBI agent (UC) in Jacksonville was conducting an undercover operation to identify individuals seeking to make online contact with and engage in sexual activity with children. Posing as the parent of an 11-year-old child, the UC posted several short messages in a public chatroom on an online social messaging platform (app). An individual using the name “metalh34d321,” who was subsequently identified as Dudding, contacted the UC by private text message on the app and expressed interest in the UC’s “daughter.” Dudding told the UC, “Let me know if ya ever down to let me do her.” Despite being advised several times that the “child” was 11 years old and lived in Florida, Dudding stated that he wanted to meet the “child” to “[h]ave a good time and sex.” Dudding described sexual acts that he wanted to perform on the “child” and sent the UC an explicit video of himself to show to the “child.” Dudding and the UC also communicated by cellphone text messaging. They discussed plans for Dudding to travel to Jacksonville so that he could engage in sexual activity with the “child.” Dudding told the UC that he would book a hotel room in Jacksonville. On May 8, 2025, Dudding was arrested by FBI agents in Concord, North Carolina. He was detained and will be transported by the United States Marshals Service to Jacksonville for prosecution in this case. This case was investigated by the Federal Bureau of Investigation, the St. Johns County Sheriff’s Office, and the Cabarrus County (North Carolina) Sheriff’s Office. It is being prosecuted by Assistant United States Attorney D. Rodney Brown. An indictment is merely a formal charge that a defendant has committed one or more violations of federal criminal law, and every defendant is presumed innocent unless, and until, proven guilty. It is another case brought as part of Project Safe Childhood, a nationwide initiative launched in 2006 by the Department of Justice to combat the growing epidemic of child sexual exploitation and abuse. Led by the United States Attorneys’ Offices and the Criminal Division’s Child Exploitation and Obscenity Section, Project Safe Childhood marshals federal, state, and local resources to locate, apprehend, and prosecute individuals who sexually exploit children, and to identify and rescue child victims. For more information about Project Safe Childhood, please visit www.justice.gov/psc. Orlando, Florida – U.S. District Judge Julie S. Sneed has sentenced Dariel Javier Quiles-Davila (27, Kissimmee) to seven years in federal prison for receiving child sexual abuse material. Quiles-Davila was found... Tampa, FL – Earlier today, the Department of Justice announced the results of Operation Relentless Justice, a coordinated enforcement effort to identify, track, and arrest child sex predators. The nationwide... Jacksonville, Florida – United States Attorney Gregory W. Kehoe announces the  return of an indictment charging Justin Charles Brown (45, Ocala) with producing child sex abuse material (CSAM) and possessing CSAM. If convicted... Middle District of Florida
Tampa Office - (Headquarters):
U.S. Attorney's Office
400 North Tampa Street
Suite 3200
Tampa, FL 33602 Have a question about Government Services?"
191,https://www.fbi.gov/contact-us/field-offices/pittsburgh/news/duquesne-resident-sentenced-to-three-decades-of-prison-for-production-of-child-sexual-abuse-materials,18,"An official website of the United States government PITTSBURGH, Pa. - A resident of Duquesne, Pennsylvania, has been sentenced in federal court to 30 years of incarceration on each of three counts, to be served concurrently and then followed by lifetime supervised release, on his conviction of production and attempted production of material depicting the sexual exploitation of a minor, United States Attorney Eric G. Olshan announced today. United States District Judge W. Scott Hardy imposed the sentence on George Cobbs, 41. According to information presented to the Court, on multiple occasions, Cobbs attempted to and did use, persuade, induce, entice, and coerce a minor to engage in sexually explicit conduct for the purpose of producing visual depictions of such conduct. Prior to imposing sentence, Judge Hardy noted that Cobbs had violated the minor victim’s trust for his own gratification and denounced Cobbs’ memorialization of his sexual abuse of the minor as degrading the minor’s personhood. Assistant United States Attorney Heidi M. Grogan prosecuted this case on behalf of the government. United States Attorney Olshan commended the FBI Pittsburgh Child Exploitation and Human Trafficking Task Force, including the Federal Bureau of Investigation, Allegheny County Police Department, and Duquesne Police Department, for the investigation leading to the successful prosecution of Cobbs. This case was brought as part of Project Safe Childhood, a nationwide initiative launched in May 2006 by the Department of Justice to combat the growing epidemic of child sexual exploitation and abuse. Led by the United States Attorneys' Offices and the Criminal Division's Child Exploitation and Obscenity Section, Project Safe Childhood marshals federal, state, and local resources to locate, apprehend, and prosecute individuals who sexually exploit children, and to identify and rescue victims. For more information about Project Safe Childhood, please visit www.justice.gov/psc. 700 Grant Street, Suite 4000
Pittsburgh, PA 15219 17 South Park Row, Room A330
Erie, PA 16501 319 Washington Street, Suite 200
Johnstown, PA 15901 Pittsburgh: 412-644-3500
Fax: 412-644-4549 Erie: 814-452-2906
Fax: 814-455-6951 Johnstown: 814-533-4547
Fax: 814-533-4545 Have a question about Government Services?"
852,https://www.fbi.gov/contact-us/field-offices/cleveland/news/toledo-man-sentenced-to-over-26-years-for-coercion-and-enticement-of-a-minor-and-drug-trafficking,25,"An official website of the United States government TOLEDO – Derrick Murphy, 40 of Toledo, Ohio was sentenced to 320 months imprisonment by U.S. District Judge Jeffrey Helmick after earlier pleading guilty to enticement of a minor and drug charges. Judge Helmick also ordered Murphy to serve 10 years of supervised release upon release from imprisonment. Murphy was sentenced to 180 months for his role in a drug conspiracy and for distributing and possessing with intent to distribute narcotics. According to court documents, in late July 2019, FBI agents in Toledo, Ohio received information from FBI agents in San Diego, California and Charlotte, North Carolina that a courier for a Sinaloa Mexico based drug trafficking organization had been identified bringing kilogram quantities of cocaine, heroin, and fentanyl to Toledo. Further investigation by the Toledo agents identified Murphy as the local distributor leader. After a lengthy investigation, agents in late April 2021 received information that Murphy was expecting another large shipment of suspected fentanyl to be delivered. After surveillance, a subsequent traffic stop led to the seizure of approximately 5 kilograms of fentanyl and $17,515 in U.S. currency from members of Murphy’s organization. Subsequent federal search warrants resulted in the seizure of additional quantities of fentanyl, heroin, cocaine, and methamphetamine. Murphy was also sentenced to 140 months for coercing and enticing a minor to engage in the production of sexually explicit materials from December 2020 to May 2021. Both sentences were ordered to be served consecutive to each other. This case was investigated by the FBI in conjunction with the Toledo Metro Drug Task Force and the Toledo Human Trafficking and Child Exploitation Task Force. The case was prosecuted by Assistant United States Attorney Alissa Sterling. Thomas P. Weldon
Thomas.Weldon@usdoj.gov
(216) 622-3651 The Department of Justice announced the results of Operation Relentless Justice, a coordinated enforcement effort to identify, track, and arrest child sex predators. In conjunction with the operation, the U.S... A 44-year-old Lorain man, Tiawan Taylor, has been sentenced to 10 years in prison and for possession with intent to distribute controlled substances. The U.S. Attorney’s Office for the Northern District of Ohio announced the unsealing of a federal indictment Dec. 9 charging four individuals allegedly involved in an international drug trafficking conspiracy. Northern District of Ohio
Main Office:
Office of the United States Attorney
801 West Superior Avenue; Suite 400
Cleveland, Ohio 44113-1852 Telephone: 216-622-3600
TTY: 216-522-3086 Have a question about Government Services?"
134,https://www.fbi.gov/contact-us/field-offices/miami/news/west-palm-beach-sex-offender-convicted-by-jury-for-failure-to-properly-register,18,"An official website of the United States government MIAMI – On April 22, 2024, after a six-day trial, a federal jury convicted Ramon Fuertes, a/k/a “Raymond Cortez,” of West Palm Beach, Florida of four counts of failure of a sex offender to properly register, in violation of 18 U.S.C. § 2250(a). According to evidence introduced during the trial in West Palm Beach, Fuertes had been convicted in 2009 in federal court for sex trafficking of a minor and enticement of a minor. In 2018, upon completion of his federal prison sentence, Fuentes registered as a sex offender.  In January and May 2023, Fuertes created and used two email addresses and a social networking account. Fuertes did not properly register these internet identifiers with the Palm Beach County Sheriff’s Office as required by the Federal Sex Offender Registration and Notification Act (SORNA). Moreover, on June 2, 2023, Fuertes vacated his West Palm Beach residence and flew to Georgia to live without notifying the proper authorities in the Southern District of Florida that he was terminating his residence in that jurisdiction and commencing his residence in another jurisdiction. As the evidence at trial showed, while in Georgia, Fuertes did not properly register as a sex offender and by late July 2023, stopped communicating with law enforcement in Georgia and Florida about his whereabouts.  An arrest warrant was issued for Fuertes shortly thereafter. He was arrested by the U.S. Marshals Service (USMS) Fugitive Task Force on Oct. 24, 2023. A sentencing hearing is scheduled in this matter for July 18, 2024, before U.S. District Judge Melissa Damian. U.S. Attorney Markenzy Lapointe for the Southern District of Florida and U.S. Marshal Gadyaces S. Serralta of the USMS made the announcement. USMS Miami investigated this matter, with assistance from the Palm Beach County Sheriff’s Office, FBI, and Georgia Bureau of Investigations, as well as the Dekalb County Sheriff’s Office, Gwinnett County Sheriff’s Office, and Gwinnett County Police Department, all in Georgia.  Assistant U.S. Attorney Gregory Schiller is prosecuting the case. Related court documents and information may be found on the website of the District Court for the Southern District of Florida at www.flsd.uscourts.govLinks to other government and non-government sites will typically appear with the “external link” icon to indicate that you are leaving the Department of Justice website when you click the link. or at http://pacer.flsd.uscourts.govLinks to other government and non-government sites will typically appear with the “external link” icon to indicate that you are leaving the Department of Justice website when you click the link., under case number 23-CR-80208. U.S. Attorney’s Office Southern District of Florida USAFLS.News@usdoj.gov A Charlotte, North Carolina man has pleaded guilty in Fort Pierce on Oct. 14 to enticing a minor to produce child sexual abuse material (CSAM). A federal jury in Miami convicted a Malaysian national on Oct. 23 for abusive sexual contact of a minor aboard a cruise ship sailing in international waters. On Sept. 10, a federal jury in Miami convicted Argentine national Osvaldo Daniel Fernandez, 61, of two counts of production and one count of possession of child sexual abuse material (CSAM). Southern District of Florida
Main Office:
99 N.E. 4th Street
Miami, Fl. 33132 Telephone: (305) 961-9001
Fax Line: (305) 530-7679 Have a question about Government Services?"
2790,https://www.fbi.gov/contact-us/field-offices/newark/news/repeat-offender-admits-possessing-child-pornography,33,
1195,https://www.fbi.gov/contact-us/field-offices/neworleans/news/new-orleans-resident-sentenced-to-10-years-in-federal-prison-for-possession-and-receipt-of-online-child-sexual-abuse-material,7,"An official website of the United States government NEW ORLEANS, LA – Acting U.S. Attorney Michael M. Simpson announced today that STEPHEN BADON (“BADON ”), age 35, of New Orleans, was sentenced on May 13, 2025, to 120 months imprisonment, followed by 25 years of supervised release, by U.S. District Judge Jay C. Zainey, after previously pleading guilty to receipt of child pornography, and distribution of child pornography, both in violation of Title 18, United States Code, Sections 2252(a)(2) and (b)(1).  Additionally, BADON was ordered to pay $86,500 in restitution to numerous victims, as well as a $100 mandatory special assessment fee. According to court documents, the case against BADON stemmed from an online Child Sexual Abuse Material (CSAM) investigation by the Federal Bureau of Investigation (FBI).  On August 2, 2023, FBI special agents executed a federal search warrant at BADON’s New Orleans home. FBI agents seized four electronic devices from BADON’s residence and subsequently located over 88,000 files of CSAM material throughout the four devices.  BADON was subsequently arrested by the FBI. This case was brought as part of Project Safe Childhood, a nationwide initiative to combat the growing epidemic of child sexual exploitation and abuse launched in May 2006 by the Department of Justice.  Led by United States Attorney’s Offices and the Criminal Division’s Child Exploitation and Obscenity Section (CEOS), Project Safe Childhood marshals federal, state and local resources to better locate, apprehend and prosecute individuals who exploit children via the Internet, as well as to identify and rescue victims.  For more information about Project Safe Childhood, please visit www.projectsafechildhood.gov. Acting U.S. Attorney Simpson praised the work of the Federal Bureau of Investigation.  This case is being prosecuted by Assistant United States Attorney Stuart Theriot of the Narcotics Unit. Public Information Officer United States Attorney’s Office, Eastern District of Louisiana United States Department of Justice NEW ORLEANS, LA – Acting U.S. Attorney Michael M. Simpson announced that on December 10, 2025, following a three-day trial, a federal jury convicted AARON TEROD JOHNSON (“JOHNSON”), age 37... NEW ORLEANS – Acting U.S. Attorney Michael M. Simpson announced that JONATHAN SUAREZ (“SUAREZ”), age 29, a resident of Slidell, Louisiana, pleaded guilty on December 2, 2025 before... NEW ORLEANS –  Acting U.S. Attorney Michael M. Simpson announced that MARK BROOKS (a/k/a “Baby Nu”), age 35, from New Orleans, pled guilty on November 20, 2025 before United... Eastern District of Louisiana
650 Poydras Street, Suite 1600
New Orleans, Louisiana 70130 Telephone: 504-680-3000 Have a question about Government Services?"
1966,https://www.fbi.gov/contact-us/field-offices/albuquerque/news/us-attorneys-office-secures-sentence-for-convicted-child-predator,15,"An official website of the United States government ALBUQUERQUE – A Dulce man has been sentenced to 30 years in prison following a trial where evidence revealed that between January 2016 and January 2020, Joel Ruiz, 65, used candy to lure two children under the age of 12 into his trailer on the Jicarilla Apache Reservation, where he sexually assaulted them. There is no parole in the federal system. During the trial, Jane Doe 1 testified that Ruiz abused her when she was six or seven years old. The jury also heard from Jane Doe 2, who testified that Ruiz abused her once when she was three or four years old. Both victims described similar methods used by Ruiz to lure them and the abuse they suffered. Upon his release from prison, Ruiz will be subject to l0 years of supervised release. U.S. Attorney Alexander M.M. Uballez and Raul Bujanda, Special Agent in Charge of the FBI Albuquerque Field Office, made the announcement today. The Farmington Resident Agency of the FBI Albuquerque Field Office investigated this case with the assistance of the Jicarilla Apache Police Department. Assistant United States Attorneys Caitlin L. Dillon and Matthew J. McGinley prosecuted the case. Joe Daniel Gomez has been indicted on federal charges for allegedly attacking another man with hatchets. Harlan Joe has been charged after authorities say he beat a woman to death following a day of drinking. Victor Badonie was sentenced to 57 months in federal prison for strangling his dating partner and leaving her with life-threatening injuries. District of New Mexico
Main Office:
201 3rd Street NW, Suite 900
Albuquerque, New Mexico 87102 Telephone: (505) 346-7274
Fax (505) 346-7296 Have a question about Government Services?"
2748,https://www.fbi.gov/contact-us/field-offices/saltlakecity/news/fallon-man-sentenced-to-four-years-in-prison-for-possessing-child-pornography,33,
685,https://www.fbi.gov/contact-us/field-offices/pittsburgh/news/new-kensington-resident-sentenced-to-300-months-in-prison-for-child-exploitation-offenses,23,"An official website of the United States government PITTSBURGH, PA - A resident of New Kensington, Pennsylvania, has been sentenced in federal court to 300 months’ imprisonment followed by a lifetime term of supervised release for conspiracy to receive and distribute, as well as distribution and possession of material depicting the sexual exploitation of a minor, United States Attorney Eric G. Olshan announced today. United States District Court Judge William S. Stickman imposed the sentence on Robert Pacek, age 52. According to information presented to the court, Pacek, while on probation for a prior state conviction for possession of child sexual abuse material, was an active participant in a chat room on the Tor network dedicated to the discussion and exchange of child sexual abuse material. On February 28, 2021, Pacek distributed five images depicting the sexual exploitation of young girls, who appeared to be between the ages of 4 and 6 years old, in that chat room. Pacek later admitted to accessing the Tor network using his neighbor’s router and sharing links to this material. A subsequent search of Pacek’s cell phone revealed approximately 100 videos and 3,000 images depicting the sexual exploitation of minors, including more than 100 images depicting the abuse of toddlers or infants. Prior to imposing the sentence, Judge Stickman explained that there is no more important government interest than “the protection of the innocence, safety and integrity of our children.” Judge Stickman noted that Pacek played more than a “passive role” in distributing images, noting that Pacek made “callous” comments when posting these images, and regularly greeted new members to the chat room. Judge Stickman emphasized that the use of computers contributes to the widespread distribution of this material and that these offenses involve real minors. Referring to the content of the images Pacek possessed, Judge Stickman noted that there is “no crime more serious in our district than the violation of the innocence of toddlers.” Assistant United States Attorney Karen Gal-Or prosecuted this case on behalf of the government. United States Attorney Olshan commended the Federal Bureau of Investigation for the investigation leading to the successful prosecution of Pacek.
This case was brought as part of Project Safe Childhood, a nationwide initiative launched in May 2006 by the Department of Justice to combat the growing epidemic of child sexual exploitation and abuse. Led by the United States Attorneys’ Offices and the Criminal Division’s Child Exploitation and Obscenity Section, Project Safe Childhood marshals federal, state, and local resources to locate, apprehend, and prosecute individuals who sexually exploit children, and to identify and rescue victims. For more information about Project Safe Childhood, please visit www.justice.gov/psc. 700 Grant Street, Suite 4000
Pittsburgh, PA 15219 17 South Park Row, Room A330
Erie, PA 16501 319 Washington Street, Suite 200
Johnstown, PA 15901 Pittsburgh: 412-644-3500
Fax: 412-644-4549 Erie: 814-452-2906
Fax: 814-455-6951 Johnstown: 814-533-4547
Fax: 814-533-4545 Have a question about Government Services?"
2629,https://www.fbi.gov/contact-us/field-offices/tampa/news/tampa-man-sentenced-to-10-years-in-federal-prison-for-attempted-coercion-and-enticement-of-a-minor-to-engage-in-sexual-activity,32,
2624,https://www.fbi.gov/contact-us/field-offices/houston/news/another-guilty-of-trafficking-women-in-cantina-backroom,32,
500,https://www.fbi.gov/contact-us/field-offices/losangeles/news/texas-man-pleads-guilty-to-kidnapping-13-year-old-girl-at-gunpoint,22,"An official website of the United States government LOS ANGELES – A Texas man pleaded guilty today to kidnapping a 13-year-old girl at gunpoint last year in San Antonio, admitting that he drove her to California, threatened her with a firearm, and sexually assaulted her multiple times before his arrest in Long Beach. Steven Robert Sablan, 62, of Cleburne, Texas, pleaded guilty to one count of kidnapping. Sablan has been in federal custody since July 2023. According to his plea agreement, on July 6, 2023, in San Antonio, Sablan abducted the victim, held her, and transported her in his gray Nissan Sentra to Long Beach, California. The victim told Sablan she was 13 years old. During this ordeal, Sablan used a firearm to threaten and control the victim. Sablan confined the victim until she was rescued on July 9, 2023, in Long Beach after a Good Samaritan called 911 after seeing her holding a “Help Me” sign in the window of Sablan’s car. Sablan admitted in his plea agreement that during the Texas-to-California journey, he sexually assaulted the victim. At the time of the crime, Sablan had no legal custody or familial relationship to the victim. United States District Judge Fernando L. Aenlle-Rocha scheduled an October 25 sentencing hearing, at which time Sablan will face a mandatory minimum sentence of 20 years in federal prison and a statutory maximum sentence of life imprisonment. The FBI and the Long Beach Police Department investigated this matter. The Cleburne (Texas) Police Department provided assistance. Assistant United States Attorney Chelsea Norell of the Violent and Organized Crime Section is prosecuting this case. Ciaran McEvoy
Public Information Officer
ciaran.mcevoy@usdoj.gov
(213) 894-4465 A federal grand jury today returned a six-count indictment against four members of a far-left, anti-capitalist, and anti-government group that allegedly plotted to set off bombs in Southern California on... Sixteen members and associates of the San Gabriel Valley-based, Mexican Mafia-linked Puente-13 street gang were arrested today on federal criminal complaints alleging their involvement in one kidnapping, two shootings, illegal... Four members of an anti-capitalist and anti-government group that calls for violence against United States officials have been arrested for allegedly plotting to attack two U.S. companies with improvised explosive... Central District of California
312 N. Spring St. Suite 1200
Los Angeles, CA 90012 Phone: (213) 894-2400
Fax: (213) 894-0141 Have a question about Government Services?"
781,https://www.fbi.gov/contact-us/field-offices/jackson/news/alabama-man-sentenced-to-nine-years-in-prison-for-possession-of-child-pornography,24,"An official website of the United States government Gulfport, Miss. -- A Grand Bay, Alabama man was sentenced to 108 months in federal prison, followed by 20 years of supervised release, for possession of child pornography. According to court documents, Walton Stephen Vaughan, 67, was found to be in possession of hundreds of visual depictions of minors engaging in sexually explicit conduct when, on February 27, 2019, FBI agents and local law enforcement personnel executed a search warrant at his residence in Lucedale, Mississippi. Vaughan was indicted by a federal grand jury and pled guilty on February 23, 2023. In addition to his term of imprisonment, Vaughan was ordered to pay restitution to victims totaling $29,500, and a $3,000 assessment under the Amy, Vicky, and Andy Child Pornography Victim Assistance Act of 2018.  Vaughan was also ordered to register as a sex offender. U.S. Attorney Todd W. Gee of the Southern District of Mississippi, Special Agent in Charge Paul Brown of the FBI in Mobile, Alabama, and Special Agent in Charge Jermicha Fomby of the FBI in Mississippi made the announcement. The case was investigated by the FBI in Mobile, Alabama, with assistance from the FBI in Mississippi. Assistant U.S. Attorney Andrea Jones prosecuted the case. This case was brought as part of Project Safe Childhood, a nationwide initiative to combat the growing epidemic of child sexual exploitation and abuse launched in May 2006 by the Department of Justice. Led by U.S. Attorneys' Offices and the Criminal Division's Child Exploitation and Obscenity Section (CEOS), Project Safe Childhood marshals federal, state and local resources to better locate, apprehend and prosecute individuals who exploit children via the Internet as well as to identify and rescue victims. For more information about Project Safe Childhood, please visit www.projectsafechildhood.govLinks to other government and non-government sites will typically appear with the “external link” icon to indicate that you are leaving the Department of Justice website when you click the link. Gulfport, MS – A Pascagoula man was sentenced to 20 years in prison for distribution of images of minors engaging in sexually explicit conduct. Jackson, MS – A Jackson man entered a guilty plea to federal charges relating to a “sextortion” scheme that targeted multiple victims, including minors, across several states. Gulfport, Miss.  - A Gulfport man was sentenced to 87 months in federal prison followed by 20 years of supervised release for possession of over 80 videos of child pornography. 501 E. Court St.
Suite 4.430
Jackson, MS  39201 Jackson: (601) 965-4480
Gulfport: (228) 563-1560 Have a question about Government Services?"
2899,https://www.fbi.gov/contact-us/field-offices/saltlakecity/news/press-releases/wolf-point-woman-admits-role-in-kidnapping-and-assault-of-minor-girl-on-fort-peck-indian-reservation,34,
2510,https://www.fbi.gov/contact-us/field-offices/littlerock/news/repeat-sex-offender-sentenced-to-more-than-27-years-in-prison-for-attempted-enticement-of-a-minor,31,
921,https://www.fbi.gov/contact-us/field-offices/boston/news/canton-man-convicted-of-sex-trafficking-a-minor,26,"An official website of the United States government BOSTON – A Canton man was convicted today by a federal jury in Boston of sex trafficking a minor who had been reported missing. Keion Rowell, 24, was convicted following a four-day jury trial of one count of sex trafficking of a child. U.S. District Court Judge Leo T. Sorokin scheduled sentencing for Dec. 11, 2023. Rowell was arrested and charged by criminal complaint in April 2022 and subsequently indicted by a federal grand jury in May 2022. “Justice was delivered today. Mr. Rowell preyed on a vulnerable 15-year-old girl, grooming her and then trafficking her and pocketing the money. This conduct is despicable and has no place in a civilized society. This prosecution should send an unmistakable message that this office and our law enforcement partners are dedicating all the resources needed to make sure predators like Mr. Rowell will face the full weight of the law,” said Acting United States Attorney Joshua S. Levy. “Sex trafficking causes immeasurable physical and long-term emotional suffering, and this office will continue to work tirelessly to seek justice for the brave survivors.” “Keion Rowell forced a 15-year-old child into sexual servitude, for his own greed and financial gain,” said Jodi Cohen, Special Agent in Charge of the Federal Bureau of Investigation, Boston Division. “While FBI Boston’s Child Exploitation – Human Trafficking Task Force can’t erase the harm he’s done, we’ve made him answer for it. We thank the jury for bringing justice for his victim and ensuring Mr. Rowell can’t claim anymore.” According to evidence presented at trial, on or about Jan. 18, 2021, Rowell met the 15-year-old victim, who had recently run away from home. Almost immediately, Rowell created and posted numerous online commercial sex advertisements that contained photos of the victim, including nude photos, and told her that she would have to engage in prostitution. Rowell then communicated with sex buyers and sent the victim to meet with those men to have sex in exchange for money he kept. On Jan. 28, 2021, approximately 10 days after the victim had been reported missing, law enforcement participated in an undercover operation to rescue her. When she was recovered, the victim had Rowell’s phone which contained photos of the victim, photos of Rowell and information about his personal bank accounts, links to online advertisements for commercial sex and communications with sex buyers. If you or someone you know may be impacted or experiencing commercial sex trafficking, please contact USAMA.VictimAssistance@usdoj.gov. The charge of sex trafficking of a child carries a mandatory minimum sentence of 10 years in prison, with a maximum sentence of up to life in prison, five years of supervised release and a fine of $250,000. Sentences are imposed by a federal district court judge based upon the U.S. Sentencing Guidelines and statutes which govern the determination of a sentence in a criminal case. Acting U.S. Attorney Levy and FBI SAC Cohen made the announcement today. Valuable assistance was provided by the Suffolk County District Attorney's Office; the Boston and Belmont Police Departments; and the Massachusetts Bay Transit Authority Police. Assistant U.S. Attorney Brian A. Fogerty of the Civil Rights & Human Trafficking Unit and Special Assistant U.S. Attorney Alyssa Tochka are prosecuting the case. BOSTON – A Boston man has been indicted by a federal grand jury for allegedly sex trafficking three victims, including a minor, between New Hampshire and Massachusetts. BOSTON – A Fall River woman was sentenced yesterday in federal court in Boston for her role in a sex trafficking conspiracy. BOSTON – A Filipino national living in Baltimore, Md., pleaded guilty yesterday in federal court in Boston to sexually exploiting and conspiring to sex traffic minor children. District of Massachusetts
Boston Office:
1 Courthouse Way, Suite 9200
Boston, MA 02210 Boston: 617-748-3100
Springfield: 413-785-0235
Worcester: 508-368-0100 Have a question about Government Services?"
179,https://www.fbi.gov/contact-us/field-offices/oklahomacity/news/former-teacher-sentenced-for-sexual-abuse-and-enticement-of-minors,18,"An official website of the United States government TULSA, Okla. – A former South Coffeyville middle school teacher was sentenced today for two counts of Sexual Abuse of a Minor in Indian Country and Coercion and Enticement of a Minor in Indian Country, announced U.S. Attorney Clint Johnson. U.S. District Judge Sara E. Hill sentenced Harold Steven Moore, 41, of Kansas City, to 180 months imprisonment, followed by 12 years of supervised release. Upon his release, Moore will also be required to register as a sex offender. “Children trust their teachers and Harold Moore betrayed that trust,” said U.S. Attorney Clint Johnson. “No child should ever have to question the motives of an adult they interact with at school. I commend the courageous victims that came forward.” According to court documents, Moore was a teacher and coach at a South Coffeyville middle school. He had sexual relationships with two separate minor children beginning in 2006 and continuing through 2007. Both minor children were under the age of 16 years old and students at the middle school. Moore further admitted to enticing a third minor to engage in sexual activities while he was her coach. Moore made inappropriate comments of a sexual nature and engaged in improper touching. Moore is a citizen of the Cherokee Nation and he will remain in custody pending transfer to the U.S. Bureau of Prisons. The FBI, Cherokee Nation Marshal Service, and Montgomery County Sheriff's Office in Kansas investigated the case. Assistant U.S. Attorney Scott Dunn prosecuted the case. This case was brought as part of Project Safe Childhood (PSC), a nationwide initiative to combat the growing epidemic of child sexual exploitation and abuse launched in May 2006 by the Department of Justice. U.S. Attorneys' Offices and the Criminal Division's Child Exploitation and Obscenity Section leads PSC, which marshals federal, state, and local resources to locate, apprehend, and prosecute individuals who sexually exploit children and identifies and rescues victims. For more information about PSC, please visit DOJ’s PSC page. For more information about internet safety education, please visit the resources tab on that page. Public Affairs
918-382-2755 A Tulsa man was sentenced today for two counts related to possessing, receiving, and sharing child sexual abuse material, announced U.S. Attorney Clint Johnson. A man living in Ochelata was sentenced today for Failing to Register as a Sex Offender, announced U.S. Attorney Clint Johnson. A Salina man was sentenced today for Possession of Child Pornography and being a Felon in Possession of Ammunition, announced U.S. Attorney Clint Johnson. Northern District of Oklahoma
110 W. 7th Street
Suite 300
Tulsa, OK 74119 Phone: (918) 382-2700
Fax: (918) 560-7938 Have a question about Government Services?"
367,https://www.fbi.gov/contact-us/field-offices/springfield/news/effingham-man-sentenced-to-federal-prison-for-attempted-sex-crimes-against-a-minor,20,"An official website of the United States government BENTON, Ill. –  A district judge sentenced an Effingham man to spend 10 years in federal prison after he admitted to soliciting sex online from a purported minor in exchange for money. John S. Harmon, 65, pleaded guilty to attempted commercial sex trafficking of a minor and solicitation of child pornography. “Thanks to the FBI’s proactive efforts in an undercover online investigation, another child predator was sentenced to spend a decade behind bars,” said U.S. Attorney Rachelle Aud Crowe. “We will continue to work together to apprehend these manipulative and dangerous offenders.” The charges stemmed from an undercover investigation by an FBI agent who claimed to be a 15-year-old minor in an online discussion forum. According to court documents, Harmon began speaking to the undercover agent posing as a purported minor from May through June 2021. During conversations, he solicited the 15-year-old purported minor and an 11-year-old purported minor for sex in exchange for money. In addition, Harmon solicited nude images of both the purported minors. “Our proactive efforts to protect children resulted in another offender being stripped of his ability to harm a member of our most vulnerable population,” said FBI Springfield Special Agent in Charge David Nanz. “This sentence underscores the FBI’s unwavering dedication to investigate and arrest those who seek to harm our children.” FBI Springfield Field Office led the investigation, and Assistant U.S. Attorneys Casey Bloodworth and David Sanders prosecuted the case on behalf of the Government. This case was brought as part of Project Safe Childhood, a nationwide initiative to combat the growing epidemic of child sexual exploitation and abuse, launched in May 2006 by the Department of Justice. Led by U.S. Attorneys’ Offices and CEOS, Project Safe Childhood marshals federal, state, and local resources to better locate, apprehend and prosecute individuals who exploit children via the internet, as well as to identify and rescue victims. Fairview Heights:
9 Executive Drive
Fairview Heights, IL 62208 Benton:
402 West Main Street, Suite 2A
Benton, IL 62812 East St. Louis:
750 Missouri Avenue, 3rd Floor
East St. Louis, IL 62201 Fairview Heights:
Phone: (618) 628-3700
TTY: (618) 628-3826
Fax: (618) 628-3730 Benton:
Phone: (618) 439-3808
TTY: (618) 435-4037
Fax: (618) 439-2401 East St. Louis:
Phone: (618) 482-9361
Fax: (618) 482-9302 Have a question about Government Services?"
1310,https://www.fbi.gov/contact-us/field-offices/neworleans/news/justice-department-announces-results-of-operation-restore-justice-205-child-sex-abuse-offenders-arrested-in-fbi-led-nationwide-crackdown-including-the-eastern-district-of-louisiana,9,"An official website of the United States government NEW ORLEANS - Today, the Department of Justice announced the results of Operation Restore Justice, a coordinated enforcement effort to identify, track and arrest child sex predators.  The operation resulted in the rescue of 115 children and the arrests of 205 child sexual abuse offenders in the nationwide crackdown.  The coordinated effort was executed over the course of five days by all 55 FBI field offices, the Child Exploitation and Obscenity Section in the Department’s Criminal Division, and United States Attorney’s Offices around the country. “The Department of Justice will never stop fighting to protect victims — especially child victims — and we will not rest until we hunt down, arrest, and prosecute every child predator who preys on the most vulnerable among us,” said Attorney General Pamela Bondi. “I am grateful to the FBI and their state and local partners for their incredible work in Operation Restore Justice and have directed my prosecutors not to negotiate.” “Every child deserves to grow up free from fear and exploitation, and the FBI will continue to be relentless in our pursuit of those who exploit the most vulnerable among us,” said FBI Director Kash Patel. “Operation Restore Justice proves that no predator is out of reach and no child will be forgotten. By leveraging the strength of all our field offices and our federal, state and local partners, we’re sending a clear message: there is no place to hide for those who prey on children.” “This joint operation signals our unrelenting effort to identify and prosecute those individuals responsible for the sexual exploitation of our nation’s youth,” stated Acting United States Attorney Michael M. Simpson.  “Together with our law enforcement partners, our office stands ready and committed to utilizing our collective resources to bring justice to both the victims and the perpetrators of these crimes.” “The FBI is unwavering in its fight to protect children,” said Jonathan Tapp, Special Agent in Charge of FBI New Orleans. “Each arrest is a powerful testament to the tireless efforts of the FBI and our dedicated law enforcement partners to protect the most vulnerable among us. It reaffirms the FBI’s commitment to pursuing justice for victims and hold predators accountable.” In the Eastern District of Louisiana, Acting U.S. Attorney Michael M. Simpson announced that Lance Rotolo, Jr. (“Rotolo”), age 19, a resident of Harvey, Louisiana, was indicted on May 2, 2025 on five counts including, sexual exploitation of children, in violation of Title 18, United States Code, Section 2251(a) (Counts 1 and 2), distributing child sexual abuse material (CSAM), in violation of Title 18, United States Code, Section 2252(a)(2) (Count 3), receiving CSAM, in violation of Title 18, United States Code, Section 2252(a)(2) (Count 4), and transmitting extortionate interstate communications, in violation of Title 18, United States Code, Section 875(d) (Count 5). According to the indictment, on or about December 19, 2024, Rotolo produced, and attempted to produce, a visual depiction of a female born in June 2011 (Victim 1) engaging in sexually explicit conduct.  Additionally, between on or about January 12, 2025, and on or about February 17, 2025, Rotolo produced and attempted to produce a visual depiction of a female born in July 2009 (Victim 2) engaging in sexually explicit conduct.  Rotolo also distributed visual depictions of minors, including children as young as approximately less than one (1) year old, engaging in sexually explicit conduct, such as a video Rotolo distributed on or about February 28, 2025.  Rotolo also received visual depictions of minors as young as less than one (1) year old engaging in sexually explicit conduct, including a video he received on or about November 16, 2024.  Finally, Rotolo sent Victim 2 messages threatening that he would send sexually explicit content Victim 2 had previously sent him, to Victim 2’s friends and family, unless Victim 2 continued to send Rotolo sexually explicit visual depictions. Rotolo faces a mandatory minimum of fifteen (15) years in prison and a maximum term of imprisonment of thirty (30) years as to each of Counts 1 and 2.  He faces a mandatory minimum of five (5) years in prison and a maximum term of imprisonment of twenty (20) years as to each of Counts 3 and 4.  He faces up to two (2) years in prison as to Count 5.  Rotolo further faces at least five years, and up to a lifetime, of supervised release, up to a $250,000 fine, and payment of a mandatory $100 special assessment fee, for each count. He may also be required to register as a sex offender. Acting U.S. Attorney Simpson praised the work of the Federal Bureau of Investigation in investigating this matter.  Assistant United States Attorney Jordan Ginsberg, Chief of the Public Integrity Unit, is in charge of the prosecution. Others arrested around the country are alleged to have committed various crimes including the production, distribution, and possession of child sexual abuse material, online enticement and transportation of minors, and child sex trafficking. In Minneapolis, for example, a state trooper and Army Reservist was arrested for allegedly producing child sexual abuse material while wearing his uniforms. In Norfolk, VA, an illegal alien from Mexico is accused of transporting a minor across state lines for sex. In Washington, D.C., a former Metropolitan Police Department Police Officer was arrested for allegedly trafficking minor victims. In many cases, parental vigilance and community outreach efforts played a critical role in bringing these offenders to justice. For example, a California man was arrested about eight hours after a young victim bravely came forward and disclosed their abuse to FBI agents after an online safety presentation at a school near Albany, N.Y. This effort follows the Department’s observance of National Child Abuse Prevention Month in April, and underscores the Department’s unwavering commitment to protecting children and raising awareness about the dangers they face. While the Department, including the FBI, investigates and prosecutes these crimes every day, April serves as a powerful reminder of the importance of preventing these crimes, seeking justice for victims, and raising awareness through community education. The Justice Department is committed to combating child sexual exploitation. These cases were brought as part of Project Safe Childhood, a nationwide initiative to combat the epidemic of child sexual exploitation and abuse launched in May 2006 by the Department of Justice. Led by U.S. Attorneys’ Offices and CEOS, Project Safe Childhood marshals federal, state, and local resources to better locate, apprehend, and prosecute individuals who exploit children via the internet, as well as to identify and rescue victims. For more information about Project Safe Childhood, visit www.justice.gov/psc. The Department partners with and oversees funding grants for the National Center for Missing and Exploited Children (NCMEC), which receives and shares tips about possible child sexual exploitation received through its 24/7 hotline at 1-800-THE-LOST and on missingkids.orgLinks to other government and non-government sites will typically appear with the “external link” icon to indicate that you are leaving the Department of Justice website when you click the link.. The Department urges the public to remain vigilant and report suspected exploitation of a child through the FBI’s tipline at 1-800-CALL-FBI (225-5324), tips.fbi.gov,Links to other government and non-government sites will typically appear with the “external link” icon to indicate that you are leaving the Department of Justice website when you click the link. or by calling your local FBI field office. Other online resources: Electronic Press KitLinks to other government and non-government sites will typically appear with the “external link” icon to indicate that you are leaving the Department of Justice website when you click the link. Violent Crimes Against Children How we can help you: Parents and caregivers protecting your kids An indictment is merely an allegation. The defendants are presumed innocent until proven guilty beyond a reasonable doubt in a court of law. Public Information Officer United States Attorney’s Office, Eastern District of Louisiana United States Department of Justice NEW ORLEANS, LA – Acting U.S. Attorney Michael M. Simpson announced that on December 10, 2025, following a three-day trial, a federal jury convicted AARON TEROD JOHNSON (“JOHNSON”), age 37... NEW ORLEANS – Acting U.S. Attorney Michael M. Simpson announced that JONATHAN SUAREZ (“SUAREZ”), age 29, a resident of Slidell, Louisiana, pleaded guilty on December 2, 2025 before... NEW ORLEANS –  Acting U.S. Attorney Michael M. Simpson announced that MARK BROOKS (a/k/a “Baby Nu”), age 35, from New Orleans, pled guilty on November 20, 2025 before United... Eastern District of Louisiana
650 Poydras Street, Suite 1600
New Orleans, Louisiana 70130 Telephone: 504-680-3000 Have a question about Government Services?"
2368,https://www.fbi.gov/contact-us/field-offices/buffalo/news/ontario-county-man-pleads-guilty-to-child-pornography-charges,29,
2385,https://www.fbi.gov/news/stories/national-missing-childrens-day-2023,29,
2918,https://www.fbi.gov/contact-us/field-offices/buffalo/news/press-releases/federal-jury-convicts-registered-sex-offender-of-producing-child-pornography,35,
2276,https://www.fbi.gov/contact-us/field-offices/tampa/news/jury-convicts-california-man-for-assaulting-child-on-aircraft,28,
1906,https://www.fbi.gov/contact-us/field-offices/newhaven/news/oregon-man-charged-with-child-exploitation-offenses-traveling-to-engage-in-sexual-activity-with-a-minor,15,"An official website of the United States government Vanessa Roberts Avery, United States Attorney for the District of Connecticut, and Robert Fuller, Special Agent in Charge of the New Haven Division of the Federal Bureau of Investigation, today announced that CANYON BEASLEY, 21, of Gresham, Oregon, has been charged by federal criminal complaint with child exploitation offenses, including traveling to Connecticut to engage in sexual activity with a minor. Beasley was arrested on September 30, 2024.  He appeared before U.S. Magistrate Judge Stacie F. Beckerman in Portland, Oregon, and was ordered detained.  A detention hearing is scheduled for October 29 in New Haven. As alleged in court documents and statements made in court, Beasley and a minor victim in Connecticut engaged in an online relationship, communicating through Snapchat, TikTok, and through text messaging, for more than a year, and exchanged sexually explicit images through these online platforms.  In June 2024, Beasley traveled to Connecticut to engage in sexual activity with the minor victim. The complaint charges Beasley with production of child pornography, which carries a mandatory minimum term of imprisonment of 15 years and a maximum term of 30 years of imprisonment; receipt of child pornography, which carries a mandatory minimum term of imprisonment of five years and a maximum term of imprisonment of 20 years; possession of child pornography, which carries a maximum term of imprisonment of 10 years; and traveling to engage in sexual activity with a minor, which carries a maximum term of imprisonment of 30 years. U.S. Attorney Avery stressed that a complaint is only a charge and is not evidence of guilt.  Charges are only allegations, and a defendant is presumed innocent unless and until proven guilty beyond a reasonable doubt. This matter is being investigated by the Federal Bureau of Investigation with the assistance of the Cheshire Police Department and the Connecticut State Police.  The case is being prosecuted by Assistant U.S. Attorney Christopher Lembo. This prosecution is part of the U.S. Department of Justice’s Project Safe Childhood Initiative, which is aimed at protecting children from sexual abuse and exploitation.  For more information about Project Safe Childhood, please visit www.justice.gov/psc. To report cases of child exploitation, please visit www.cybertipline.comLinks to other government and non-government sites will typically appear with the “external link” icon to indicate that you are leaving the Department of Justice website when you click the link.. JOSE ISRAEL TENESACA MEJIA, 21, a citizen of Ecuador residing in West Haven, has been charged with federal child exploitation offenses. RICHARD BURRIS, 22, of Bolton, has been charged by federal criminal complaint with child exploitation offenses. BURNEST GEYER, JR., 32, of Shelton, was sentenced today by U.S. District Judge Victor A. Bolden in New Haven to 150 months of imprisonment and 10 years of supervised release... District of Connecticut
Main Office:
Connecticut Financial Center
157 Church Street
Floor 25
New Haven, CT 06510 Telephone: (203) 821-3700
Fax Line: (203) 773- 5376 Have a question about Government Services?"
2321,https://www.fbi.gov/contact-us/field-offices/indianapolis/news/oregon-man-convicted-of-crimes-against-children-offense,29,
2382,https://www.fbi.gov/contact-us/field-offices/louisville/news/lincoln-county-man-sentenced-to-292-months-for-production-of-child-pornography,29,
80,https://www.fbi.gov/contact-us/field-offices/buffalo/news/rochester-man-going-to-prison-on-child-pornography-charge-involving-cameras-hidden-in-a-church-bathroom,17,"An official website of the United States government ROCHESTER, N.Y. - U.S. Attorney Trini E. Ross announced today that Stephen Nicot, 61, of Rochester, NY, who was convicted of receipt of child pornography, was sentenced to serve 144 months in prison by U.S. District Judge Frank P. Geraci, Jr. Assistant U.S. Attorneys Kyle Rossi and Meghan K. McGuire, who handled the case, stated that between 2012 and 2014, Nicot hid a camera in the bathroom of a church located in the Western District of New York. Nicot positioned the camera so that it would capture video and images of naked individuals using the shower in the church bathroom. He did this knowing some of the individuals would be under the age of 18 and he planned to display the video of the minors. On July 21, 2022, law enforcement executed a warrant at the Nicot’s residence and recovered a memory card and USB drive, which contained videos and images of at least five minor victims using the church bathroom and shower. Two cell phones were also seized, which contained naked images of a minor victim that were recorded by a camera hidden in a bathroom of Nicot’s residence. The sentencing is the result of an investigation by the Monroe County Sheriff's Office, under the direction of Sheriff Todd Baxter and the Federal Bureau of Investigation Child Exploitation Task Force, under the direction of Special Agent-in-Charge Matthew Miraglia. U.S. Attorney Michael DiGiacomo announced today that Anthony Burris, 35, of Ellicottville, NY, who was convicted of two counts of enticing travel to engage in sexual activity, was sentenced to... U.S. Attorney Michael DiGiacomo announced today that Joseph Hudson, III, 26, of Williamson, NY, who was convicted of possession of child pornography following a previous conviction for the sexual abuse... U.S. Attorney Michael DiGiacomo announced today that Marcus Elliott, 40, of Amherst, NY, pleaded guilty before U.S. District Judge Lawrence J. Vilardo to receipt of child pornography, which carries a... Western District of New York 138 Delaware Ave.
Buffalo, NY 14202 100 State Street Suite 500
Rochester, NY 14614 Buffalo: (716) 843-5700 Rochester: (585) 263-6760 Have a question about Government Services?"
1919,https://www.fbi.gov/contact-us/field-offices/philadelphia/news/california-man-indicted-for-distribution-of-child-pornography,15,"An official website of the United States government HARRISBURG- The United States Attorney’s Office for the Middle District of Pennsylvania announced that Nathaniel Sean Deleon, age 20, of Tulare, California, was indicted by a federal grand jury on charges of distribution of child pornography. According to United States Attorney Gerard M. Karam, on November 24 and 25, 2023, Deleon distributed child pornography in Cumberland County, Pennsylvania. The case was investigated by the Federal Bureau of Investigation and the Pennsylvania State Police.  Assistant United States Attorney David C. Williams is prosecuting the case. This case was brought as part of Project Safe Childhood, a nationwide initiative launched in May 2006 by the Department of Justice to combat the growing epidemic of child sexual exploitation and abuse.  Led by the United States Attorneys' Offices and the Criminal Division's Child Exploitation and Obscenity Section, Project Safe Childhood marshals federal, state, and local resources to locate, apprehend, and prosecute individuals who sexually exploit children, and to identify and rescue victims.  For more information about Project Safe Childhood, please visit www.usdoj.gov/pscLinks to other government and non-government sites will typically appear with the “external link” icon to indicate that you are leaving the Department of Justice website when you click the link.  For more information about internet safety education, please visit www.usdoj.gov/pscLinks to other government and non-government sites will typically appear with the “external link” icon to indicate that you are leaving the Department of Justice website when you click the link. and click on the tab ""resources"". The maximum penalty under federal law for these offenses is 20 years, with a mandatory minimum sentence of five years, a term of supervised release following imprisonment, and a fine. A sentence following a finding of guilt is imposed by the Judge after consideration of the applicable federal sentencing statutes and the Federal Sentencing Guidelines. Indictments and Criminal Informations are only allegations. All persons charged are presumed to be innocent unless and until found guilty in court. Middle District of Pennsylvania
William J. Nealon Federal Building and Courthouse
235 N. Washington Avenue, Suite 311
Scranton, PA 18503 Telephone: (570) 348-2800
Fax: (570) 348-2037
TTY: (570) 341-2077 Have a question about Government Services?"
2583,https://www.fbi.gov/contact-us/field-offices/indianapolis/news/press-releases/lebanon-sex-offender-charged-with-sexual-exploitation-of-a-child-using-hidden-cameras-distribution-and-possession-of-child-sexual-abuse-material,31,
299,https://www.fbi.gov/contact-us/field-offices/buffalo/news/canandaigua-man-who-pleaded-guilty-to-child-pornography-charge-caught-again-before-reporting-to-prison,19,"An official website of the United States government ROCHESTER, N.Y.-U.S. Attorney Trini E. Ross announced today that Preston Herbst, 27, of Canandaigua, NY, was arrested and charged by criminal complaint with distribution, receipt, and possession of child pornography, following a prior conviction for a federal child pornography offense. The charges carry a minimum penalty of 15 years in prison, a maximum penalty of 40 years, and a $250,000 fine. Assistant U.S. Attorney Kyle P. Rossi, who is handling the case, stated that according to the complaint, in January 2022, Herbst was serving a state probation sentence in Ontario County for Driving While Intoxicated and Assault. During a routine search of Herbst’s phone, Ontario County Probation Officers located images of child pornography and social media conversations, during which Herbst discussed trading child pornography with other individuals. A subsequent search by the FBI of his home and devices recovered approximately 81 images and 59 videos of child pornography, some of which depicted violence against children as young as 5-years-old. Herbst pleaded guilty to possession of child pornography and was sentenced to 36 months in prison. After his federal conviction and sentencing, but prior to self-surrendering to the Bureau of Prisons, investigators learned that Herbst uploaded child pornography to the Snapchat platform. The FBI executed new search warrants at Herbst’s Canandaigua home and on his Snapchat account, revealing that he had traded child pornography, using a prohibited device in violation of his release conditions. Herbst made an initial appearance before U.S. Magistrate Judge Mark W. Pedersen and is being held without bail. The criminal complaint is the result of an investigation by the Federal Bureau of Investigation, under the direction of Special Agent-in-Charge Matthew Miraglia. The fact that a defendant has been charged with a crime is merely an accusation and the defendant is presumed innocent until and unless proven guilty. U.S. Attorney Michael DiGiacomo announced today that Anthony Burris, 35, of Ellicottville, NY, who was convicted of two counts of enticing travel to engage in sexual activity, was sentenced to... U.S. Attorney Michael DiGiacomo announced today that Joseph Hudson, III, 26, of Williamson, NY, who was convicted of possession of child pornography following a previous conviction for the sexual abuse... U.S. Attorney Michael DiGiacomo announced today that Marcus Elliott, 40, of Amherst, NY, pleaded guilty before U.S. District Judge Lawrence J. Vilardo to receipt of child pornography, which carries a... Western District of New York 138 Delaware Ave.
Buffalo, NY 14202 100 State Street Suite 500
Rochester, NY 14614 Buffalo: (716) 843-5700 Rochester: (585) 263-6760 Have a question about Government Services?"
2684,https://www.fbi.gov/contact-us/field-offices/detroit/news/garden-city-man-sentenced-to-15-years-for-attempted-sexual-exploitation-of-children,32,
1066,https://www.fbi.gov/contact-us/field-offices/buffalo/news/rochester-man-who-lured-minor-to-hotel-for-sex-pleads-guilty,6,"An official website of the United States government ROCHESTER, N.Y.-U.S. Attorney Michael DiGiacomo announced today that Jonathan Woody, 31, of Rochester, NY, pleaded guilty to coercion and enticement of a minor, before U.S. District Judge Charles J. Siragusa. The charge carries a minimum penalty of 10 years in prison, maximum penalty of life and a $250,000 fine. Assistant U.S. Attorney Kyle P. Rossi, who is handling the case, stated that in January 2024, Woody engaged in sexually explicit online and text communications with a 13-year-old child that he met on social media. On January 2, 2024, Woody paid to transport the child to a hotel in Greece, NY, where he rented a room. While at the hotel, Woody provided alcohol and marijuana and engaged in sexual acts with the child. After realizing that the child was missing from home, the child’s family called 911 to initiate a missing person investigation. The child returned home, at which time law enforcement learned of Woody’s interactions with the child. Subsequent investigation resulted in the identification and arrest of Woody. The plea is the result of an investigation by the Monroe County Sheriff’s Office, under the direction of Sheriff Todd Baxter, the Greece Police Department, under the direction of Chief Michael Wood, and the Federal Bureau of Investigation Child Exploitation Task Force, under the direction of Acting Special Agent-in-Charge Mark Grimm. Sentencing is scheduled for October 30, 2025, at 9:30 a.m. before Judge Siragusa. U.S. Attorney Michael DiGiacomo announced today that Anthony Burris, 35, of Ellicottville, NY, who was convicted of two counts of enticing travel to engage in sexual activity, was sentenced to... U.S. Attorney Michael DiGiacomo announced today that Joseph Hudson, III, 26, of Williamson, NY, who was convicted of possession of child pornography following a previous conviction for the sexual abuse... U.S. Attorney Michael DiGiacomo announced today that Marcus Elliott, 40, of Amherst, NY, pleaded guilty before U.S. District Judge Lawrence J. Vilardo to receipt of child pornography, which carries a... Western District of New York 138 Delaware Ave.
Buffalo, NY 14202 100 State Street Suite 500
Rochester, NY 14614 Buffalo: (716) 843-5700 Rochester: (585) 263-6760 Have a question about Government Services?"
2447,https://www.fbi.gov/contact-us/field-offices/newyork/news/us-attorney-charges-former-westchester-county-board-of-legislators-employee-with-attempted-enticement-of-a-minor,30,
1170,https://www.fbi.gov/contact-us/field-offices/tampa/news/manatee-county-man-sentenced-to-five-years-for-receiving-child-sexual-abuse-images-and-videos,7,"An official website of the United States government Tampa, Florida – U.S. District Judge Steven D. Merryday today sentenced Capers Scott Hammond (35, Bradenton) to 5 years in federal prison for receiving and possessing child sexual abuse material (CSAM). Hammond was also ordered to pay $5,000 in restitution, a $30,000 fine, and will be required to register as a sex offender. The court also ordered Hammond to forfeit an iPad, three thumb drives, a MacBook, a custom PC tower, and an iPhone, which are traceable to proceeds of the offense. Hammond entered a guilty plea on February 13, 2025. According to court documents, Hammond used a file-sharing network to distribute and receive CSAM. Pursuant to a search warrant, law enforcement searched Hammond’s apartment, seized various electronics, and determined he had received and possessed seven images and four videos of CSAM. This case was investigated by the Federal Bureau of Investigation. It was prosecuted by Assistant United States Attorney Abigail K. King. This case was brought as part of Project Safe Childhood, a nationwide initiative launched in May 2006 by the Department of Justice to combat the growing epidemic of child sexual exploitation and abuse. Led by the United States Attorneys’ Offices and the Criminal Division’s Child Exploitation and Obscenity Section (CEOS), Project Safe Childhood marshals federal, state, and local resources to locate, apprehend, and prosecute individuals who sexually exploit children, and to identify and rescue victims. For more information about Project Safe Childhood, please visit www.justice.gov/psc. Orlando, Florida – U.S. District Judge Julie S. Sneed has sentenced Dariel Javier Quiles-Davila (27, Kissimmee) to seven years in federal prison for receiving child sexual abuse material. Quiles-Davila was found... Jacksonville, Florida – United States Attorney Gregory W. Kehoe announces the  return of an indictment charging Justin Charles Brown (45, Ocala) with producing child sex abuse material (CSAM) and possessing CSAM. If convicted... Tampa, FL – Earlier today, the Department of Justice announced the results of Operation Relentless Justice, a coordinated enforcement effort to identify, track, and arrest child sex predators. The nationwide... Middle District of Florida
Tampa Office - (Headquarters):
U.S. Attorney's Office
400 North Tampa Street
Suite 3200
Tampa, FL 33602 Have a question about Government Services?"
224,https://www.fbi.gov/contact-us/field-offices/boston/news/tiverton-man-admits-to-enticing-transporting-a-minor-to-engage-in-criminal-sexual-activity,19,"An official website of the United States government PROVIDENCE, RI – A Tiverton man admitted to a federal judge that he enticed a 13-year-old girl he knew to be a minor to travel with him from her home in Pennsylvania to his family’s residence in Rhode Island, during which time he engaged in criminal sexual activity with her, announced United States Attorney Zachary A. Cunha. William C. Stewart, 22, pleaded guilty on Friday to charges of enticement of a minor to engage in criminal sexual activity, transportation of a minor with intent to engage in criminal sexual activity, and interstate travel with intent to engage in illicit sexual conduct. Stewart admitted that on June 17, 2021, he began communicating with the minor victim via SnapChat, quickly learning that she was 13 years old. During his ongoing communications, he persuaded the young girl to engage in unlawful sexual activity. Stewart admitted that in the middle of the night on June 30, 2021, he picked the girl up from outside her home and began to drive with her to his home in Tiverton, Rhode Island for the purpose of engaging in sexual activity with her. Stewart drove with the girl through Pennsylvania, New Jersey, New York, Connecticut, and Rhode Island. While enroute to Rhode Island, Stewart stayed at a hotel in New London, Connecticut, where he engaged in sexual activity with the minor victim. According to court documents, after arriving in Rhode Island, Stewart also engaged in sexual activity with the minor female. According to information presented to the court, upon arrival at his family’s Tiverton residence on July 4, 2021, Stewart introduced the minor victim to his family members, using a false name for her and falsely stating that she was soon to turn 19 years old. On July 7, the young girl contacted a friend via SnapChat and asked for help, after which the Tiverton Police identified the minor victim’s location and responded to Stewart’s home. Stewart is scheduled to be sentenced on June 18, 2024. The defendant’s sentences will be determined by a federal district judge after consideration of the U.S. Sentencing Guidelines and other statutory factors. The case is being prosecuted by Assistant U.S. Attorneys G. Michael Seaman and Denise M. Barton. The investigation was conducted by the FBI, Tiverton Police Department, and Pennsylvania State Police. PROVIDENCE – A Warwick man has pleaded guilty in federal court in Rhode Island for production and possession of child sexual abuse material (CSAM), announced Acting United States Attorney Sara... PROVIDENCE – A Dominican national, who resides in Providence, was indicted by a federal grand jury on December 3, 2025, for allegedly downloading child sexual abuse material (CSAM), announced Acting... PROVIDENCE – On December 1, 2025, a Pawtucket man pled guilty in federal court in Rhode Island for knowingly accessing, possessing, and distributing child pornography, announced Acting United States Attorney... District of Rhode Island
Main Office:
One Financial Plaza, 17th Floor
Providence, RI 02903 Telephone: (401) 709-5000
Fax Line: (401) 709-5001 Have a question about Government Services?"
1408,https://www.fbi.gov/contact-us/field-offices/omaha/news/gladbrook-man-sentenced-to-federal-prison-for-receiving-child-pornography,10,"An official website of the United States government A man who received child pornography was sentenced today to 15 years in federal prison. John Thomas Carstensen, age 50, from Gladbrook, Iowa, received the prison term after a November 12, 2024 guilty plea to one count of receipt of child pornography. In a plea agreement, Carstensen admitted that, between August 2021 and August 2022, he knowingly received depictions of minors engaging in sexually explicit conduct.  Carstensen has a prior felony conviction from 1993 for sexual exploitation of a minor. Carstensen was sentenced in Cedar Rapids by United States District Court Chief Judge C.J. Williams.  Carstensen was sentenced to 180 months’ imprisonment.  He was ordered to make $27,000 in restitution to the victims in the case.  He must also serve a five-year term of supervised release after the prison term.  There is no parole in the federal system. This case was brought as part of Project Safe Childhood, a nationwide initiative launched in May 2006 by the Department of Justice to combat the growing epidemic of child sexual exploitation and abuse.  Led by the United States Attorneys’ Offices and the Criminal Division’s Child Exploitation and Obscenity Section, Project Safe Childhood marshals federal, state, and local resources to locate, apprehend, and prosecute individuals who sexually exploit children, and to identify and rescue victims.  For more information about Project Safe Childhood, please visit www.usdoj.gov/pscLinks to other government and non-government sites will typically appear with the “external link” icon to indicate that you are leaving the Department of Justice website when you click the link..  For more information about Internet safety education, please visit www.usdoj.gov/pscLinks to other government and non-government sites will typically appear with the “external link” icon to indicate that you are leaving the Department of Justice website when you click the link. and click on the tab “resources.” Carstensen is being held in the United States Marshal’s custody until he can be transported to a federal prison. The case was prosecuted by Assistant United States Attorney Adam J. Vander Stoep and was investigated by the Iowa Division of Criminal Investigation, the Internet Crimes Against Children Task Force, and the Federal Bureau of Investigation Human Trafficking and Child Exploitation Task Force. Court file information at https://ecf.iand.uscourts.gov/cgi-bin/login.plLinks to other government and non-government sites will typically appear with the “external link” icon to indicate that you are leaving the Department of Justice website when you click the link.. The case file number is 24-CR-33. Follow us on X @USAO_NDIA. Northern District of Iowa Main Office
111 7th Ave, SE
Box #1
Cedar Rapids, IA 52401 Telephone: (319) 363-6333
Fax Line: (319) 363-1990 Have a question about Government Services?"
2513,https://www.fbi.gov/contact-us/field-offices/omaha/news/council-bluffs-man-sentenced-for-a-child-sexual-exploitation-offense,31,
2176,https://www.fbi.gov/contact-us/field-offices/columbia/news/south-carolina-man-charged-with-sex-trafficking-of-four-victims-including-a-minor,27,"An official website of the United States government FLORENCE, SOUTH CAROLINA — A federal grand jury in Florence returned an indictmentLinks to other government and non-government sites will typically appear with the “external link” icon to indicate that you are leaving the Department of Justice website when you click the link. charging a South Carolina man with three counts of sex trafficking by force, fraud or coercion, one count of sex trafficking of a minor, two counts of interstate travel in aid of racketeering and one count of obstructing a sex trafficking investigation. According to the indictment, between August 2019 and August 2020, Aaron T. Simmons, 26, of Greenville, used force, threats of force and coercion to compel three adult women to engage in commercial sex. The indictment also charges Simmons with sex trafficking of a minor victim. Simmons will make his initial court appearance before a U.S. Magistrate Judge in the District of South Carolina. It is initially scheduled for July 28. If convicted of sex trafficking by force, fraud, or coercion, Simmons faces a minimum penalty of 15 years in prison and up to life in prison. If convicted of sex trafficking of a minor, Simmons faces a minimum penalty of 10 years in prison and up to life imprisonment. A federal district court judge will determine any sentence after considering the U.S. Sentencing Guidelines and other statutory factors. Assistant Attorney General Kristen Clarke of the Justice Department’s Civil Rights Division, U.S. Attorney Adair F. Boroughs for the District of South Carolina and Special Agent in Charge Steven J. Jensen of the FBI Columbia Field Office made the announcement. The Greenville Police Department and the FBI Greenville Field Office investigated the case. Assistant U.S. Attorney Carrie Fisher Sherard for the District of South Carolina and Trial Attorney Francisco Zornosa of the Civil Rights Division’s Human Trafficking Prosecution Unit are prosecuting the case. The FBI is asking anyone with information about Aaron Simmons to contact the FBI Columbia Field Office at (803) 551-4200. If you or someone you know is a victim of human trafficking, please call the National Human Trafficking Hotline at (888) 373-7888. An indictment is merely an allegation. All defendants are presumed innocent until proven guilty beyond a reasonable doubt in a court of law. Brook Andrews, First Assistant United States Attorney, brook.andrews@usdoj.gov, (803) 929-3000 CHARLESTON, S.C. — A federal grand jury in Columbia returned a 15-count indictment against four individuals from the Charleston area in connection with sex trafficking. The charges stem from an... COLUMBIA, S.C. — Antonio Marquis Nicholson, 33, of West Columbia, and Terrell Counts, 33, of Columbia, have pleaded guilty to human trafficking conspiracy and aiding and abetting the coercion and... GREENVILLE, S.C. — True Heaven Heflin, 25, of Greenville, has been sentenced to 25 years in federal prison for trafficking a 15-year-old Greenville student. District of South Carolina Main Office:
Wells Fargo Building
1441 Main Street Suite 500
Columbia, SC 29201 Columbia: (803) 929-3000
Charleston: (843) 727-4381
Greenville: (864) 282-2100
Florence: (843) 665-6688 Have a question about Government Services?"
1121,https://www.fbi.gov/contact-us/field-offices/milwaukee/news/beloit-man-sentenced-to-four-years-for-possessing-child-pornography,7,"An official website of the United States government MADISON, WIS. – Timothy M. O’Shea, United States Attorney for the Western District of Wisconsin, announced that Craig Daskam, 69, Beloit, Wisconsin, was sentenced today by Chief U.S. District Judge James D. Peterson to four years in federal prison for possessing child pornography. This prison term will be followed by ten years of supervised release.  In addition to these penalties, Daskam was ordered to pay $22,000 in assessments to funds that support victims of child exploitation crimes. Daskam pleaded guilty to this offense on March 19, 2025. In 2023, the Federal Bureau of Investigation (FBI) in Madison, Wisconsin, received a report from FBI-Charlotte that Daskam had received child pornography. The FBI ultimately searched Daskam’s residence and seized multiple electronic devices. Agents searched Daskam’s phone and found numerous child pornography images and videos. In sentencing Daskam, Judge Peterson expressed concern that Daskam’s conduct was driven by a dangerous impulse that Daskam doesn’t understand and can’t control. The charge against Daskam was the result of an investigation conducted by FBI Madison, FBI Charlotte, and the Beloit Police Department. Assistant U.S. Attorney Kathryn Ginsberg prosecuted this case. This investigation was a part of Project Safe Childhood (PSC), a nationwide initiative to combat child sexual exploitation and abuse. Project Safe Childhood marshals federal, state, and local resources to better locate, apprehend, and prosecute individuals who exploit children via the Internet, as well as to identify and rescue victims. For more information about Project Safe Childhood, please visit www.justice.gov/psc. 222 West Washington Avenue,
Suite 700
Madison, WI 53703 Phone: (608) 264-5158
TDD: (608) 264-5006 Have a question about Government Services?"
945,https://www.fbi.gov/news/press-releases/fbi-seeking-individual-who-may-have-information-regarding-the-identity-of-a-child-sexual-assault-victim-090623,26,"Share on X X.com Share on Facebook Facebook Email Email The FBI is seeking the public’s assistance with obtaining identifying information regarding an unknown male who may have critical information pertaining to the identity of a child victim in an ongoing sexual exploitation investigation. Photographs and an informational poster depicting the unknown individual, known only as John Doe 47, are being disseminated to the public and can be found at fbi.gov/wanted/ecap.  
 
Initial video of the unidentified male, John Doe 47, shown with a child were first recorded by the National Center for Missing and Exploited Children in August 2020. The EXIF data embedded within the video files indicated that the files were produced prior to April 2020. John Doe 47 is described as a Black male, likely between the ages of 18 and 25 years old. John Doe 47 could be heard speaking English in the video. Anyone with information to provide should submit a tip online at tips.fbi.gov or call the FBI’s toll-free tip line at 1-800-CALL-FBI (1-800-225-5324).  The public is reminded no charges have been filed in this case, and the pictured individual is presumed innocent unless and until proven guilty in a court of law. 
 
This individual is being sought as part of the FBI’s Operation Rescue Me and Endangered Child Alert Program (ECAP) initiatives, both of which represent strategic partnerships between the FBI and the National Center for Missing and Exploited Children. Operation Rescue Me focuses on utilizing clues obtained through in-depth image analysis to identify the child victims depicted in child exploitation material, while ECAP seeks national and international media exposure of unknown adults (referred to as John/Jane Does) who visibly display their faces and/or other distinguishing characteristics in association with child pornography images. emailStay Connected
Get FBI email alerts
Subscribe No Thanks
×"
2755,https://www.fbi.gov/contact-us/field-offices/norfolk/news/arizona-man-pleads-guilty-to-production-of-child-pornography,33,
771,https://www.fbi.gov/contact-us/field-offices/jacksonville/news/fbi-to-host-be-smart-with-your-kids-smartphone-for-parents-1,24,"Share on X X.com Share on Facebook Facebook Email Email FBI and Marion County Public Schools partner to protect youth from online predators FBI Jacksonville and Marion County Public Schools will partner to host the “Be Smart with Your Kids’ Smartphone – Parent Edition” program on Tuesday, November 7 at the Browne Greaton Cole Auditorium at Marion Technical Institute (MTI). The event is free and open to the public. Since 2018, over 2,500 parents and educators have attended Be Smart events across northeast Florida to help protect local youth from being targeted online by predators. Be Smart with your Kids’ Smartphone events are led by special agents from FBI Jacksonville who investigate crimes against children and terrorism matters. The presentation will include a review of the latest social media apps that offenders are using to target and manipulate kids, examples of how technology has been used in cases from the Jacksonville area, and an overview of schemes that specifically target teens. Please note, the content of these presentations may not be appropriate for youth. Parental discretion is advised. The FBI Jacksonville Community Outreach program fosters relationships with educational, cultural, religious, and civic organizations throughout 40 counties in North Florida to advance crime prevention initiatives and enhance awareness of potential criminal acts. The mission of the FBI Jacksonville Violent Crimes Against Children program is to counter all threats of abuse and exploitation to children, identify, locate, and recover child victims, and strengthen relationships with law enforcement partners to identify, prioritize, investigate, and deter individuals and criminal networks from exploiting children. Learn more. Marion County Public Schools is headquartered in Ocala, Florida, and serves more than 45,000 students with over 7,000 employees. Geographically larger than the state of Rhode Island, the district takes great pride in its Career and Technical Education Programs, following the Linking Economic and Academic Development (LEAD) model for certification and performance. An Equal Opportunity School District, MCPS offers School Choice and accommodations to all students. For more information, visit marionschools.net and follow on social media platforms @MarionCountyK12. emailStay Connected
Get FBI email alerts
Subscribe No Thanks
×"
1253,https://www.fbi.gov/contact-us/field-offices/boston/news/rhode-island-man-admits-to-cyberstalking-distribution-of-child-sexual-abuse-material,8,"An official website of the United States government PROVIDENCE – A Rhode Island man today pleaded guilty as charged by federal indictment to one count of cyberstalking and four counts of distribution of child pornography, announced Acting United States Attorney Sara Miron Bloom. Melvin Vidal Herrera Perez, 21, admitted to a federal judge that he befriended a minor child, encouraged her to take sexually explicit images of herself, and later used the images to threaten and harass her after she turned eighteen. Perez admitted that he used a variety of tactics to cause serious emotional distress to the victim, including opening websites to display her images, texting and emailing her images, and messaging a wide number of individuals in the victim’s personal and social circles. Perez, who has been detained since his arrest in December 2024, is scheduled to be sentenced on August 6, 2025. The sentence imposed will be determined by a federal district judge after consideration of the U.S. Sentencing Guidelines and other statutory factors. The case is being prosecuted by Assistant United States Julie M. White. The matter was investigated by the FBI. PROVIDENCE – United States Attorney General Pamela Bondi has appointed Charles “Chas” Calenda as Interim United States Attorney for the District of Rhode Island. PROVIDENCE – An Irish National who was living unlawfully in the United States has pleaded guilty in federal court in Rhode Island on charges related to his role in a... PROVIDENCE – Acting United States Attorney Sara Miron Bloom announces the appointment and swearing-in of Andrea Hyatt as an Assistant United States Attorney for the District of Rhode Island. District of Rhode Island
Main Office:
One Financial Plaza, 17th Floor
Providence, RI 02903 Telephone: (401) 709-5000
Fax Line: (401) 709-5001 Have a question about Government Services?"
2040,https://www.fbi.gov/contact-us/field-offices/buffalo/news/former-rochester-firefighter-pleads-guilty-to-child-pornography-charges,16,"An official website of the United States government ROCHESTER, N.Y. - U.S. Attorney Trini E. Ross announced today that Brett Marrapese, 32, of Irondequoit, NY, pleaded guilty before Chief U.S. District Judge Elizabeth A. Wolford to distribution and receipt of child pornography, The charges carry a mandatory minimum penalty of five years in prison per count, a maximum of 40 years, and a $250,000 fine. Assistant U.S. Attorney Kyle P. Rossi, who is handling the case, stated that between January 2016, and June 13, 2023, Marrapese used a cell phone, laptop computer, an email account, and multiple social media and internet chat applications, including Omegle; Kik; Snapchat; and Instagram, to produce, receive, distribute, and possess child pornography. In total, Marrapese received more than 600 images of child pornography that he obtained from others via the internet. He also posed as a teenage boy causing minors to produce and send to him sexually explicit images of themselves. Some of the images that Marrapese distributed and received depicted violence against and sexual abuse of children, infants, and toddlers. The plea is the result of an investigation by the Irondequoit Police Department, under the direction of Chief Scott Peters, and the Federal Bureau of Investigation Child Exploitation and Human Trafficking Task Force, under the direction Special Agent-in-Charge Matthew Miraglia. Sentencing is scheduled for November 6, 2024, at 1:00 p.m. before Judge Wolford. U.S. Attorney Michael DiGiacomo announced today that Joseph Hudson, III, 26, of Williamson, NY, who was convicted of possession of child pornography following a previous conviction for the sexual abuse... U.S. Attorney Michael DiGiacomo announced today that Marcus Elliott, 40, of Amherst, NY, pleaded guilty before U.S. District Judge Lawrence J. Vilardo to receipt of child pornography, which carries a... U.S. Attorney Michael DiGiacomo announced today that Anthony Burris, 35, of Ellicottville, NY, who was convicted of two counts of enticing travel to engage in sexual activity, was sentenced to... Western District of New York 138 Delaware Ave.
Buffalo, NY 14202 100 State Street Suite 500
Rochester, NY 14614 Buffalo: (716) 843-5700 Rochester: (585) 263-6760 Have a question about Government Services?"
819,https://www.fbi.gov/contact-us/field-offices/newark/news/union-county-teacher-charged-with-production-of-child-pornography,25,"An official website of the United States government NEWARK, N.J. – A Union County, New Jersey, man was arrested today for producing a video depicting images of child sexual abuse and receiving and possessing images of child sexual abuse, U.S. Attorney Philip R. Sellinger announced. Michael Hamilton, 51, of Springfield, New Jersey, is charged by complaint with one count each of production, receipt and possession of child pornography. He made his initial appearance today before U.S. Magistrate Judge José R. Almonte in Newark federal court and was detained. According to documents filed in this case and statements made in court: From February 2023 through July 2023, Hamilton, a high school teacher, began an exchange with a minor victim on a messaging platform. Hamilton and the minor victim exchanged hundreds of sexually explicit messages, pictures, and videos, many of which constituted child pornography depicting the minor victim. The charge of production of child pornography carries a mandatory minimum penalty of 15 years in prison and a maximum potential penalty of 30 years in prison and a $250,000 fine. The charge of receipt of child exploitation material carries a mandatory minimum penalty of five  years in prison, a maximum potential penalty of 20 years in prison, and a $250,000 fine. The charge of possession of child exploitation material carries a maximum potential penalty of 10 years in prison, and a $250,000 fine. U.S. Attorney Sellinger credited FBI Newark’s Child Exploitation and Human Trafficking Task Force, under the direction of Special Agent in Charge James E. Dennehy in Newark, with the investigation leading to the charges. U.S. Attorney Sellinger also thanked the Springfield Police Department and the Union County Prosecutor’s Office. This case was brought as part of Project Safe Childhood, a nationwide initiative to combat the growing epidemic of child sexual exploitation and abuse launched in May 2006 by the Department of Justice. Led by U.S. Attorneys’ Offices and the Child Exploitation and Obscenity Section (CEOS) in the Justice Department’s Criminal Division, Project Safe Childhood marshals federal, state and local resources to better locate, apprehend and prosecute individuals who exploit children as well as to identify and rescue victims. For more information about Project Safe Childhood, please visit www.projectsafechildhood.govLinks to other government and non-government sites will typically appear with the “external link” icon to indicate that you are leaving the Department of Justice website when you click the link.. The government is represented by Assistant U.S. Attorney Rebecca Sussman of the General Crimes Unit in Newark. The charges and allegations contained in the indictment are merely accusations, and the defendants are presumed innocent unless and until proven guilty. An Ocean County, New Jersey man was sentenced on December 2, 2025, to 168 months in prison for receiving videos and images depicting child pornography. An Essex County, New Jersey, man pled guilty to a three-count Information based on his online enticement and exploitation of minors. A Union County, New Jersey, man who was employed as a New Jersey high school teacher, was sentenced to 275 months in prison for producing child pornography. District of New Jersey
Main Office:
970 Broad Street, 7th Floor
Newark, NJ 07102 Newark: 973-645-2700
Hearing Impaired: 973-645-6227
FAX: 973-645-2702

Camden: 856-757-5026
Hearing Impaired: 856-968-4983
FAX: 856-968-4917

Trenton: 609-989-2190
FAX: 609-989-2275 Have a question about Government Services?"
2073,https://www.fbi.gov/contact-us/field-offices/stlouis/news/st-charles-man-sentenced-to-40-years-in-prison-for-recording-sexual-abuse-of-two-girls,16,"An official website of the United States government ST. LOUIS – U.S. District Judge Sarah E. Pitlyk on Friday sentenced a St. Charles, Missouri man who recorded his sexual abuse of two young girls for years to 40 years in prison. Ronald C. Lawrence sexually abused two girls for years, starting when one was just 7 years old. He recorded that abuse and shared those images with others online. The victims’ mother spoke in court, saying Lawrence had destroyed their lives and violated the trust they once had in him. Lawrence also downloaded and possessed child sexual abuse material involving other children, and Judge Pitlyk ordered him to pay restitution of $3,000 to one of those children whose identity is known. Lawrence directed a third juvenile victim that he met via social media to create and send him videos of child pornography and asked the victim and another person to send him exploitative images of their younger siblings. Lawrence, 25, pleaded guilty in U.S. District Court in St. Louis to two counts of production of child pornography, two counts of distribution of child pornography and one count of receiving child pornography. The FBI, the St. Charles Police Department, the St. Charles County Police Department  and the FBI investigated the case. Assistant U.S. Attorney Jillian Anderson prosecuted the case. This case was brought as part of Project Safe Childhood, a nationwide initiative to combat the growing epidemic of child sexual exploitation and abuse launched in May 2006 by the Department of Justice. Led by U.S. Attorneys’ Offices and the Department of Justice Criminal Division's Child Exploitation and Obscenity Section, Project Safe Childhood marshals federal, state and local resources to better locate, apprehend and prosecute individuals who exploit children via the Internet, as well as to identify and rescue victims. For more information about Project Safe Childhood, please visit www.justice.gov/psc. Robert Patrick, Public Affairs Officer, robert.patrick@usdoj.gov. The cases against Brent Stephens and Yashpreet are among the 293 arrests nationwide during Operation Relentless Justice, a coordinated enforcement effort to identify, track, and arrest child sex predators. Francisco Ocana-Talamantes admitted being caught with images and videos containing child sexual abuse material. Rayshaun Reed recording a sex act with the teen, possessing drugs and possessing other images containing child sexual abuse material. Eastern District of Missouri
Main Office:
Thomas Eagleton U.S. Courthouse
111 S. 10th Street, 20th Floor
St. Louis, MO 63102 St. Louis: (314) 539-2200
Cape Girardeau: (573) 334-3736 Have a question about Government Services?"
1528,https://www.fbi.gov/contact-us/field-offices/indianapolis/news/crown-point-man-sentenced-to-135-months-in-prison,11,"An official website of the United States government HAMMOND – Adam Lee Taylor, 45 years old, of Crown Point, Indiana, was sentenced by United States District Court Judge Gretchen S. Lund after pleading guilty to distributing child pornography, announced Acting United States Attorney Tina L. Nommay. Taylor was sentenced to 135 months in prison, 5 years of supervised release, and ordered to pay $6,000 in  monetary assessments that support services for victims of human trafficking and child sexual abuse. According to documents in the case, in November 2022, Taylor distributed a series of videos containing child sexual abuse material (CSAM) to members of a group chat on an encrypted messaging platform.  Federal agents subsequently executed a search warrant at Taylor’s residence and discovered additional CSAM in Taylor’s possession. This case was investigated by the Federal Bureau of Investigation with assistance from the Indiana State Police Digital Forensics Unit.  The case was prosecuted by Assistant United States Attorney Zachary D. Heater. This case was brought as part of Project Safe Childhood, a nationwide initiative to combat the epidemic of child sexual exploitation and abuse, launched in May 2006 by the Department of Justice. Led by U.S. Attorneys’ Offices and the Child Exploitation and Obscenity Section, Project Safe Childhood marshals federal, state and local resources to better locate, apprehend, and prosecute individuals who exploit children via the internet, as well as to identify and rescue victims. For more information about Project Safe Childhood, please visit www.justice.gov/psc. Northern District of Indiana
Main Office:
5400 Federal Plaza, Suite 1500
Hammond, IN 46320 Telephone: (219) 937-5500
Fax: (219) 852-2770 Have a question about Government Services?"
1120,https://www.fbi.gov/contact-us/field-offices/omaha/news/polk-county-man-sentenced-to-48-months-in-federal-prison-for-possession-of-child-pornography,7,"An official website of the United States government DES MOINES, Iowa – A Polk County man was sentenced on June 11, 2025, to 48 months in federal prison for the possession of child pornography. According to public court documents, law enforcement seized electronic devices belonging to Andrew Charles Nygaard, 45, when law enforcement searched his Granger residence in September 2022.  A forensic examination of Nygaard’s devices showed that Nygaard knowingly and intentionally downloaded files containing child sexual abuse material from the internet from at least September 2018 through June 2022. After completing his term of imprisonment, Nygaard will be required to serve a five-year term of supervised release. There is no parole in the federal system. Nygaard was also ordered to pay $25,000 in restitution. United States Attorney Richard D. Westphal of the Southern District of Iowa made the announcement. This case was investigated by the Iowa Department of Public Safety-Division of Criminal Investigation-Internet Crimes Against Children Task Force, the Federal Bureau of Investigation-Child Exploitation Task Force and Granger Police Department. This case was brought as part of Project Safe Childhood, a nationwide initiative to combat the growing epidemic of child sexual exploitation and abuse launched in May 2006 by the Department of Justice. Led by U.S. Attorneys’ Offices and the Child Exploitation and Obscenity Section, Project Safe Childhood marshals federal, state, and local resources to better locate, apprehend and prosecute individuals who exploit children via the Internet, as well as to identify and rescue victims. For more information about Project Safe Childhood, please visit https://www.justice.gov/psc. MacKenzie Tubbs
Public Information Officer 
515-473-9300
USAIAS.PAO@usdoj.gov COUNCIL BLUFFS, Iowa – A Clarinda man was sentenced today, December 18, 2025, to nine years in federal prison for receipt of child pornography. DES MOINES, Iowa – A West Des Moines man was sentenced on December 16, 2025, to 35 years in federal prison for exploiting numerous minors on social media and possessing child... COUNCIL BLUFFS, Iowa – A Clarinda man was sentenced today, December 18, 2025, to nine years in federal prison for receipt of child pornography. According to public court documents, the National... Southern District of Iowa
Main Office:
Neal Smith Federal Building
210 Walnut Street, Suite 455
Des Moines, Iowa 50309 Telephone: (515) 473-9300
Fax Line: (515) 473-9288 Have a question about Government Services?"
1034,https://www.fbi.gov/contact-us/field-offices/cincinnati/news/local-man-who-trafficked-exploited--raped-minor-girls-sentenced-to-50-years-in-prison,6,"An official website of the United States government COLUMBUS, Ohio – A previously convicted sex offender was sentenced in federal court to 600 months in prison. The defendant sexually exploited two minor females and forced one of the girls to engage in commercial sex acts with men at hotels. Anthony Sims, 56, of Columbus, pleaded guilty in March – less than two weeks before he was scheduled to begin trial – to two counts of sexually exploiting a minor and one count of sex trafficking a minor. Sims raped a 12-year-old girl 40 to 50 times throughout six months in 2020. Sims provided the girl marijuana and alcohol and talked her into getting high and drinking. At times, during the sexual assaults, Sims would hold down the victim’s arms or hold her in place.  During these encounters, he forced the girl to pose for photos in sexual positions while nude or while wearing lingerie. Sims convinced another victim, a 13-year-old girl, to smoke marijuana with him and once she was high, Sims raped her. He routinely held this victim down to facilitate these acts. Sims would also take nude photos of her, and he made her pose with stuffed animals or pillows. Sims also took the 13-year-old to various hotels and forced her to have sex with men who paid Sims. The victim was forced to have sex with approximately 50 different men. Sims also sold pornographic photos of the victim. At the time of his most recent crimes, Sims was a registered sex offender with two convictions out of Michigan. Kelly A. Norris, Acting United States Attorney for the Southern District of Ohio; Elena Iatarola, Special Agent in Charge, Federal Bureau of Investigation (FBI), Cincinnati Division; Ohio Attorney General Dave Yost’s Ohio Organized Crime Investigations Commission’s Central Ohio Human Trafficking Task Force and the Ohio Bureau of Criminal Investigations (BCI); and Columbus Police Chief Elaine Bryant announced the sentence imposed on July 8 by U.S. District Judge Edmund A. Sargus, Jr. Assistant United States Attorneys Emily Czerniejewski and Tyler J. Aagard are representing the United States in this case. CINCINNATI – A Blue Ash man has been charged federally with child exploitation and pornography crimes for allegedly hiding spy cameras in the house of minor victims. COLUMBUS, Ohio – Federal agents arrested a Grove City man today who has been charged federally with child pornography and video voyeurism crimes. CINCINNATI – Jonathan Malachi Washington, 30, of Cincinnati, pleaded guilty in U.S. District Court today to conspiring to sex traffic children by “paying” for sex with a minor. Southern District of Ohio
Main Office:
303 Marconi Boulevard, Suite 200
Columbus, OH 43215 Have a question about Government Services?"
195,https://www.fbi.gov/contact-us/field-offices/sacramento/news/sacramento-county-sex-offender-sentenced-to-14-years-in-prison-for-possession-of-child-pornography,18,"An official website of the United States government SACRAMENTO, Calif. — Christopher Campbell, 49, of Citrus Heights, was sentenced today to 14 years in prison for possession of child pornography, U.S. Attorney Phillip A. Talbert announced. According to court documents, in February 2023, Campbell engaged in an online chat with an undercover officer whom Campbell believed was a 13-year-old girl. As a result of the conversations, law enforcement search Campbell’s residence and seized his iPad and cellphone, which contained approximately 517 images and 45 videos of child pornography. Law enforcement also searched Campbell’s Mega cloud storage account, which contained approximately 169 videos of child pornography, including depictions of toddlers and other minors engaged in sexually explicit conduct. Campbell was subject to an enhanced statutory penalty for possession of child pornography because he had a prior conviction relating to sexual abuse involving a minor. This case was the product of an investigation by the Sacramento County Sheriff’s Office with assistance from the Federal Bureau of Investigation and Homeland Security Investigations. Assistant U.S. Attorneys Emily G. Sauvageau and Dhruv Sharma prosecuted the case. This case was brought as part of Project Safe Childhood, a nationwide initiative launched in May 2006 by the Department of Justice to combat the growing epidemic of child sexual exploitation and abuse. Led by the United States Attorneys’ Offices and the Criminal Division’s Child Exploitation and Obscenity Section, Project Safe Childhood marshals federal, state, and local resources to locate, apprehend, and prosecute those who exploit children via the internet, as well as to identify and rescue victims. For more information about Project Safe Childhood, please visit Justice.gov/PSCLinks to other government and non-government sites will typically appear with the “external link” icon to indicate that you are leaving the Department of Justice website when you click the link.. Javier Robert Barraza, 44, of Oroville, was sentenced today by U.S. District Judge Dena Coggins to 21 years in prison for sexual exploitation of a child, U.S. Attorney Eric Grant announced. Kyle Travis Colton, 38, of Citrus Heights, was sentenced today by U.S. District Judge Dale A. Drozd to six years and eight months in prison for receiving child sex abuse... Monico Erich Gastelo, 44, of Fresno, was sentenced Monday 40 years in prison for sexual exploitation of a child and receipt and distribution of child pornography. Eastern District of California: Sacramento Main Office
501 I Street, Suite 10-100
Sacramento, CA. 95814 Telephone: (916) 554-2700
Fax Line: (916) 554-2900 Have a question about Government Services?"
2945,https://www.fbi.gov/contact-us/field-offices/indianapolis/news/press-releases/evansville-sex-offender-sentenced-to-15-years-in-federal-prison-for-distribution-of-child-sexual-abuse-material-and-illegal-firearm-possession,35,
1088,https://www.fbi.gov/contact-us/field-offices/saltlakecity/news/billings-doctor-pleads-guilty-to-charge-related-to-prostitution,6,"An official website of the United States government BILLINGS - A Billings man accused of using a cell phone to arrange for commercial sex admitted to a charge today, U.S. Attorney Kurt Alme said. The defendant, Usman Hanif Khan, 52, pleaded guilty to use of a facility of interstate commerce to aid in racketeering. He faces up to five years in prison, a $250,000 fine, and 3 years of supervised release. U.S. Magistrate Judge Timothy J. Cavan presided, and District Court Judge Susan P. Watters will determine any sentence after considering the U.S. Sentencing Guidelines and other statutory factors. Sentencing will be set at a later time. Khan was released pending further proceedings. The government alleged in court documents that prior to April 9, 2023, Khan met a woman on a social media website for those interested in a commercial sex relationship. Then, on or about April 9, 2023, Khan communicated with the woman for the purpose of arranging a commercial sex date with Jane Doe, a minor. Khan and the woman communicated via text messenger and utilized cell phones to arrange the date and discussed, among other items, the particulars of the commercial sex date. On the evening of April 9, 2023, the woman transported Jane Doe to Khan’s residence for the purpose of a commercial sex date. Khan and Jane Doe engaged in a sex act, after which Khan contacted the woman to arrange transportation of Jane Doe and provided Jane Doe with money for the encounter. Assistant U.S. Attorney Zeno Baucus is prosecuting the case. The FBI conducted the investigation. This case was brought as part of Project Safe Childhood, a nationwide initiative to combat the growing epidemic of child sexual exploitation and abuse launched in May 2006 by the Department of Justice. Led by U.S. Attorneys' Offices and CEOS, Project Safe Childhood marshals federal, state, and local resources to better locate, apprehend and prosecute individuals who exploit children via the Internet, as well as to identify and rescue victims. For more information about Project Safe Childhood, please visit Justice.gov/PSC. Acting Public Affairs Officer keri.leggett@usdoj.gov District of Montana
Billings Main Office
2601 2nd Ave N.
Suite 3200
Billings, MT 59101 Telephone: (406) 657-6101
Toll free:     (800) 291-6108
Fax Line:   (406) 657-6989 Have a question about Government Services?"
131,https://www.fbi.gov/contact-us/field-offices/buffalo/news/registered-sex-offender-going-to-prison-for-30-years-for-production-of-child-pornography,18,"An official website of the United States government BUFFALO, N.Y. - U.S. Attorney Trini E. Ross announced today that Michael Lanham, 35, of Niagara Falls, NY, who was convicted of production of child pornography with a prior sex offense, was sentenced to serve 360 months in prison by U.S. District Judge John L. Sinatra, Jr. Assistant U.S. Attorney Caitlin M. Higgins, who handled the case, stated that in December 2010, Lanham was convicted of Rape in the Third Degree, Victim Less than 17-Year-Old, Perpetrator 21 years or more, in New York State Court and is a registered sex offender. In September 2020, he took a sexually explicit photo of a minor victim on his cell phone.  In October 2020, Lanham distributed the image of the minor victim in a private online message to an undercover law enforcement officer on the Kik application. The sentencing is the result of an investigation by the Federal Bureau of Investigation, Child Exploitation Task Force, under the direction of Special Agent-in-Charge Matthew Miraglia. U.S. Attorney Michael DiGiacomo announced today that Anthony Burris, 35, of Ellicottville, NY, who was convicted of two counts of enticing travel to engage in sexual activity, was sentenced to... U.S. Attorney Michael DiGiacomo announced today that Joseph Hudson, III, 26, of Williamson, NY, who was convicted of possession of child pornography following a previous conviction for the sexual abuse... U.S. Attorney Michael DiGiacomo announced today that Marcus Elliott, 40, of Amherst, NY, pleaded guilty before U.S. District Judge Lawrence J. Vilardo to receipt of child pornography, which carries a... Western District of New York 138 Delaware Ave.
Buffalo, NY 14202 100 State Street Suite 500
Rochester, NY 14614 Buffalo: (716) 843-5700 Rochester: (585) 263-6760 Have a question about Government Services?"
2160,https://www.fbi.gov/contact-us/field-offices/springfield/news/federal-judge-sentences-belleville-man-to-21-plus-years-in-prison-for-producing-distributing-explicit-images-of-minors,27,"An official website of the United States government EAST ST. LOUIS, Ill. – In a U.S. District courtroom Thursday, a federal judge sentenced a Belleville man to 262 months imprisonment after he admitted to producing and distributing sexually explicit images of minors. Brandon Lepper, 27, pleaded guilty to one count of sexual exploitation of a child and one count of distribution of child pornography. The judge sentenced him to 262 months imprisonment for count one and 240 months for count two to run concurrently. In addition to the prison sentence, Lepper will serve 15 years of supervised release and is ordered to pay $27,500 in restitution. “The defendant hid his cell phone and set it up to record in a bathroom he knew a minor would be using to undress in for his own sick pleasure, but then also proceeded to violate and humiliate his victim further by sending their images out into the hands of other pedophiles,” said U.S. Attorney Rachelle Aud Crowe. “Thankfully, Lepper’s prison sentence reflects his vicious and unforgivable actions. I commend the FBI for leading the investigation.” “The actions of the defendant are deserving of this significant sentence as it reflects the serious nature of the crime,” said FBI Springfield Special Agent in Charge David Nanz. “Offenders, like Lepper, believe they are invisible to law enforcement from behind their computer screens, but the FBI will use every legal authority to identify, investigate, and hold accountable those intent on harming children.” According to court documents, FBI agents interviewed Lepper while investigating him for distributing child sexual abuse material (CSAM) on a social media site in April 2021. While searching his cell phone, agents uncovered CSAM in Lepper’s camera roll, an online folder drive, and in chats sent from his device. Upon further review, agents discovered Lepper produced and distributed explicit images of an unsuspecting minor he knew personally while the child was undressing. In total, Lepper’s collection of CSAM included nearly 3,000 images. FBI – Springfield Field Office led the investigation, and Assistant U.S. Attorney Ali Burns prosecuted the case. This case was brought as part of Project Safe Childhood, a nationwide initiative to combat the growing epidemic of child sexual exploitation and abuse, launched in May 2006 by the Department of Justice. Led by U.S. Attorneys’ Offices and CEOS, Project Safe Childhood marshals federal, state, and local resources to better locate, apprehend and prosecute individuals who exploit children via the internet, as well as to identify and rescue victims. Fairview Heights:
9 Executive Drive
Fairview Heights, IL 62208 Benton:
402 West Main Street, Suite 2A
Benton, IL 62812 East St. Louis:
750 Missouri Avenue, 3rd Floor
East St. Louis, IL 62201 Fairview Heights:
Phone: (618) 628-3700
TTY: (618) 628-3826
Fax: (618) 628-3730 Benton:
Phone: (618) 439-3808
TTY: (618) 435-4037
Fax: (618) 439-2401 East St. Louis:
Phone: (618) 482-9361
Fax: (618) 482-9302 Have a question about Government Services?"
1649,https://www.fbi.gov/contact-us/field-offices/losangeles/news/former-riverside-school-counselor-sentenced-to-30-years-in-prison-for-child-sexual-exploitation-crimes-including-hiding-cameras-in-bathrooms,12,"An official website of the United States government LOS ANGELES – A former counselor at a private school in Riverside County was sentenced today to 360 months in federal prison for possessing child sexual abuse material (CSAM) and placing a hidden camera inside bathrooms to film boys using the toilet and showers. Matthew Daniel Johnson, 34, of Bryan, Texas, was sentenced by United States District Judge Sherilyn Peace Garnett, who scheduled a restitution hearing for May 28. Upon his eventual release from prison, Johnson will be placed on lifetime supervised release. Johnson has been in federal custody since October 2024. Law enforcement searched Johnson’s home in March 2020 and seized several videos featuring minor boys engaged in sexual activity. The videos depicted victims under the age of 12 and some as young as 3 to 5 years old. During the search of his residence, Johnson admitted to law enforcement that he had hidden a pen-shaped recording device in a toilet paper holder inside of a school bathroom, across the hall from his office as a school counselor at La Sierra Academy in Riverside. Another video file depicted Johnson adjusting a recording device inside a different bathroom at a Junior High School Bible Camp where he was working as a chaperone of children attending the camp. The video file subsequently captured minor boys using the toilet and the shower. Johnson further admitted to using and employing a minor victim in January 2020 for the purpose of creating a visual depiction of the victim engaging in sexual conduct. The Fontana Internet Crimes Against Children Task Force, Riverside Police Department, and the FBI investigated this matter. Assistant United States Attorney Sonah Lee of the Riverside Branch Office prosecuted this case. Connor Williams
Public Affairs Officer
connor.williams@usdoj.gov
(213) 894-6965 A federal grand jury today returned a six-count indictment against four members of a far-left, anti-capitalist, and anti-government group that allegedly plotted to set off bombs in Southern California on... Sixteen members and associates of the San Gabriel Valley-based, Mexican Mafia-linked Puente-13 street gang were arrested today on federal criminal complaints alleging their involvement in one kidnapping, two shootings, illegal... Four members of an anti-capitalist and anti-government group that calls for violence against United States officials have been arrested for allegedly plotting to attack two U.S. companies with improvised explosive... Central District of California
312 N. Spring St. Suite 1200
Los Angeles, CA 90012 Phone: (213) 894-2400
Fax: (213) 894-0141 Have a question about Government Services?"
1807,https://www.fbi.gov/contact-us/field-offices/stlouis/news/missouri-man-sentenced-to-15-years-in-prison-for-producing-child-pornography,14,"An official website of the United States government ST. LOUIS – U.S. District Judge Sarah E. Pitlyk on Wednesday sentenced a man to 15 years in prison for producing child pornography. Steven Popple, now 39, of Park Hills, Missouri, met an underage girl in May of 2021, according to his plea agreement. He began a flirtatious relationship with her and exchanged text messages with sexual content. He began asking her for nude photos and videos and instructed her how to pose and what sexual acts to perform. At Popple’s request, the victim sent him about 300 photos and videos and the pair met and engaged in sex acts, his plea agreement says. Popple pleaded guilty in U.S. District Court in St. Louis in June to one count of production of child pornography. “If it hadn’t been for the victim’s mother, this crime wouldn’t have come to light. After discovering concerning images on her daughter’s phone, the mother contacted the FBI,” said Special Agent in Charge Ashley T. Johnson of the FBI St. Louis Division. ""Contacting law enforcement immediately reduces the risk of a perpetrator disposing of critical evidence."" The FBI and the St. Francois County Sheriff’s Department investigated the case.  Assistant U.S. Attorney Dianna Edwards prosecuted the case. This case was brought as part of Project Safe Childhood, a nationwide initiative to combat the growing epidemic of child sexual exploitation and abuse launched in May 2006 by the Department of Justice. Led by U.S. Attorneys’ Offices and the Department of Justice Criminal Division's Child Exploitation and Obscenity Section, Project Safe Childhood marshals federal, state and local resources to better locate, apprehend and prosecute individuals who exploit children via the Internet, as well as to identify and rescue victims. For more information about Project Safe Childhood, please visit www.justice.gov/psc. Robert Patrick, Public Affairs Officer, robert.patrick@usdoj.gov. The cases against Brent Stephens and Yashpreet are among the 293 arrests nationwide during Operation Relentless Justice, a coordinated enforcement effort to identify, track, and arrest child sex predators. Francisco Ocana-Talamantes admitted being caught with images and videos containing child sexual abuse material. Rayshaun Reed recording a sex act with the teen, possessing drugs and possessing other images containing child sexual abuse material. Eastern District of Missouri
Main Office:
Thomas Eagleton U.S. Courthouse
111 S. 10th Street, 20th Floor
St. Louis, MO 63102 St. Louis: (314) 539-2200
Cape Girardeau: (573) 334-3736 Have a question about Government Services?"
526,https://www.fbi.gov/contact-us/field-offices/boston/news/providence-man-sentenced-to-ten-years-in-federal-prison-for-enticing-minor-children-to-engage-in-illicit-sexual-activity,22,"An official website of the United States government PROVIDENCE, RI – A Providence man who admittedly coerced a 10-year-old Utah girl and more than a dozen other minor females to engage in sexually explicit conduct while he recorded their actions via a live internet link that he provided to them has been sentenced to 10 years in federal prison, announced United States Attorney Zachary A. Cunha According to information presented to the court, Akinola Akinlapa, 23, engaged in online communications with approximately 75 minor females, some of whom had not yet reached puberty, in a similar fashion, coercing 15 of them to disrobe and to perform sexual acts while he watched and recorded them. “This case is a sobering reminder of the ways in which technology enables predators to abuse their victims and inflict harm, even over great distances,” remarked U.S. Attorney Cunha.  “Thanks to the bravery of one young girl, and the diligent work of our law enforcement partners, this defendant will be held accountable for his repeated, persistent and abhorrent efforts to victimize young children for his own gratification.” “What Akinola Akinlapa did -- in sexually exploiting dozens of children-- was cruel and disgraceful, and with this sentence, this predator will not be able to harm any more children for quite some time,” said Jodi Cohen, Special Agent in Charge of the FBI Boston Division. “This case is a prime example of how children can be victimized in the safety of their own homes and underscores the importance of talking to kids about the dangers of the internet. Parents, caregivers, and educators, please make it clear to your kids that they are not to blame if they fall victim and please report these incidents, so the FBI and our law enforcement partners can bring the perpetrators of these crimes to justice.” According to charging documents and information presented to the court, Akinlapa engaged the Utah girl in online communications and text messages, and provided her with a video conferencing link, promising credits for use on an online gaming platform. Once connected, Akinlapa, who hid his face from view, but who could see and hear the young girl, told her that because of their communications he now had her IP address and other personal information. Akinlapa threatened to share the information on the internet if she did not disrobe and perform a sex act. The young girl feigned performing the sex act, and courageously reported the incident to her mother, who in turn contacted the West Valley City, Utah Police Department. West Valley City Police and FBI agents in Salt Lake City and in Providence identified an IP address at Akinlapa’s Providence residence as being the source of communications with the 10-year-old Utah girl.  Akinlapa’s pattern of coercion with the 14 other girls was similar. According to information presented to the court, on June 2, 2020, members of the Providence FBI Violent Crimes Against Children Task Force executed a court-authorized search of computers and smart phones belonging to Akinlapa. A forensic review revealed evidence that Akinlapa had victimized the Utah girl and 14 other young girls, and had attempted to do the same with approximately 60 other minor girls, but was unsuccessful. Images and videos of minors engaged in illicit sexual activity recorded by Akinlapa were found on his phone. Akinlapa pleaded guilty on June 15, 2022, to charges of enticement of a minor to engage in illicit sexual activity and possession of child pornography. He was sentenced on January 11, 2024, to 120 months of incarceration to be followed by eight years of federal supervised release. The case was prosecuted by Assistant United States Attorney Milind M. Shah. For more information on sextortion and financial sextortion, visit the FBI’s resources on the threats at: https://www.fbi.gov/sextortion and https://www.fbi.gov/how-we-can-help-you/scams-and-safety/common-scams-and-crimes/sextortion/financially-motivated-sextortion. PROVIDENCE – A Warwick man has pleaded guilty in federal court in Rhode Island for production and possession of child sexual abuse material (CSAM), announced Acting United States Attorney Sara... PROVIDENCE – A Dominican national, who resides in Providence, was indicted by a federal grand jury on December 3, 2025, for allegedly downloading child sexual abuse material (CSAM), announced Acting... PROVIDENCE – On December 1, 2025, a Pawtucket man pled guilty in federal court in Rhode Island for knowingly accessing, possessing, and distributing child pornography, announced Acting United States Attorney... District of Rhode Island
Main Office:
One Financial Plaza, 17th Floor
Providence, RI 02903 Telephone: (401) 709-5000
Fax Line: (401) 709-5001 Have a question about Government Services?"
81,https://www.fbi.gov/contact-us/field-offices/pittsburgh/news/bridgeville-resident-charged-with-producing-and-distributing-material-sexually-exploiting-a-minor,17,"An official website of the United States government PITTSBURGH, Pa. - A resident of Bridgeville, Pennsylvania, has been indicted by a federal grand jury in Pittsburgh on charges of producing and distributing material depicting the sexual exploitation of a minor, United States Attorney Eric G. Olshan announced today. The 11-count Indictment named Matthew Trax, 24, as the sole defendant. According to the Indictment, in and around various dates in November 2023 through December 2023, Trax used, enticed, and persuaded a 14-year old female to engage in sexually explicit conduct to create videos and images involving the minor. In addition to producing this sexually explicit content, Trax also distributed sexually explicit material involving the same minor female. The law provides for a sentence of not less than 15 years and up to 30 years in prison, a fine of up to $250,000, or both. Under the federal Sentencing Guidelines, the actual sentence imposed would be based upon the seriousness of the offenses and the prior criminal history, if any, of the defendant. Trax has been detained on state charges, and he remains detained pending trial. Assistant United States Attorney Nicole A. Stockey is prosecuting this case on behalf of the government. The Federal Bureau of Investigation and Mt. Lebanon Police Department conducted the investigation leading to the Indictment. This case was brought as part of Project Safe Childhood, a nationwide initiative launched in May 2006 by the Department of Justice to combat the growing epidemic of child sexual exploitation and abuse. Led by the United States Attorneys’ Offices and the Criminal Division’s Child Exploitation and Obscenity Section (CEOS), Project Safe Childhood marshals federal, state, and local resources to locate, apprehend, and prosecute individuals who sexually exploit children, and to identify and rescue victims. For more information about Project Safe Childhood, please visit www.justice.gov/psc. An indictment is an accusation. A defendant is presumed innocent unless and until proven guilty. 700 Grant Street, Suite 4000
Pittsburgh, PA 15219 17 South Park Row, Room A330
Erie, PA 16501 319 Washington Street, Suite 200
Johnstown, PA 15901 Pittsburgh: 412-644-3500
Fax: 412-644-4549 Erie: 814-452-2906
Fax: 814-455-6951 Johnstown: 814-533-4547
Fax: 814-533-4545 Have a question about Government Services?"
979,https://www.fbi.gov/contact-us/field-offices/louisville/news/martin-county-man-sentenced-to-60-years-in-prison-for-producing-and-distributing-child-pornography,26,"An official website of the United States government PIKEVILLE, Ky. – Donald York, 60, of Beauty, Ky., was sentenced on Thursday, by U.S. District Judge Robert Wier, to 60 years in prison, following his convictions for producing and distributing sexually explicit images of a minor. York was convicted by a jury in April 2023, of four counts of production of child pornography and two counts of distributing child pornography.  According to the evidence presented at his trial, York coerced a 15-year female victim, who was in his care, to engage in sexually explicit conduct so that he could produce images of that conduct.  York then uploaded some of these images to a pornographic website. Under federal law, York must serve 85 percent of his prison sentence; and upon his release, he will be under the supervision of the U.S. Probation Office for life. Carlton S. Shier, IV, United States Attorney for the Eastern District of Kentucky; Brian Jones, Acting Special Agent in Charge, FBI Louisville Field Office; Col. Phillip Burnett, Commissioner, Kentucky State Police; and Sheriff John Kirk, Martin County Sherriff’s Office, jointly announced the sentence. The investigation was conducted by FBI, Kentucky State Police, and the Martin County Sherriff’s Office.  The United States was represented in the case by Assistant U.S. Attorneys Justin Blankenship and Jason Parman. This case was prosecuted as part of Project Safe Childhood, a nationwide initiative to combat the growing epidemic of child sexual exploitation and abuse launched in May 2006 by the Department of Justice.  Led by U.S. Attorneys' Offices and the Criminal Division's Child Exploitation and Obscenity Section (CEOS), Project Safe Childhood marshals federal, state, and local resources to better locate, apprehend and prosecute individuals who exploit children via the Internet as well as to identify and rescue victims. For more information about Project Safe Childhood, please visit www.projectsafechildhood.govLinks to other government and non-government sites will typically appear with the “external link” icon to indicate that you are leaving the Department of Justice website when you click the link.. CONTACT:  Gabrielle Dudgeon PHONE:  (859) 685-4887 E-MAIL:  gabrielle.dudgeon@usdoj.gov Eastern District of Kentucky
Main Office:
260 W. Vine Street, Suite 300
Lexington, KY 40507-1612 Lexington: 859-233-2661
Lexington Hearing Impaired TTY: 859-233-2573 Have a question about Government Services?"
1316,https://www.fbi.gov/contact-us/field-offices/portland/news/portland-sex-offender-sentenced-to-24-years-in-federal-prison-for-enticing-a-minor-online-and-receiving-child-pornography,9,"An official website of the United States government PORTLAND, Ore.—A Portland man was sentenced to federal prison Monday for using multiple social media applications to entice a young child to send him sexually explicit images of herself. Shawn Alan Smith, 44, was sentenced to 288 months in federal prison and a life term of supervised release. Smith was also ordered to pay restitution to his victim. According to court documents, between July 11 and September 15, 2020, Smith used multiple fake online social media personas, including several on KIK messenger and TikTok, to communicate with a nine-year-old child. While posing as a minor himself, Smith instructed the child victim to take sexually explicit photos of herself and send them to him, which she did. Smith also engaged in a video chat with the child while pretending to be the father of one of his fake online personas. At the time of the offense, Smith was a registered sex offender following prior state criminal convictions for child pornography offenses in Oregon and Maryland. On March 9, 2022, federal agents executed a search warrant at Smith’s Portland apartment. While the agents were attempting to gain entry to the apartment through a door he had barricaded, Smith threw his phone and computer out his bathroom window. Smith was arrested and charged by federal criminal complaint with production and attempted production of child pornography. On January 21, 2025, Smith pleaded guilty to a two-count superseding information charging him with online enticement of a minor and receipt of child pornography. This case was investigated by the FBI and Homeland Security Investigations (HSI). It was prosecuted by Mira Chernick, Assistant U.S. Attorney for the District of Oregon. Federal law defines child pornography as any visual depiction of sexually explicit conduct involving a minor. It is important to remember child sexual abuse material depicts actual crimes being committed against children. Not only do these images and videos document the victims’ exploitation and abuse, but when shared across the internet, re-victimize and re-traumatize the child victims each time their abuse is viewed. To learn more, please visit the National Center for Missing & Exploited Children at www.missingkids.orgLinks to other government and non-government sites will typically appear with the “external link” icon to indicate that you are leaving the Department of Justice website when you click the link.. This case was brought as part of Project Safe Childhood, a nationwide initiative launched in May 2006 by the Justice Department to combat the growing epidemic of child sexual exploitation and abuse. For more information about Project Safe Childhood, please visit www.justice.gov/psc. A Wilsonville, Oregon, man was sentenced to federal prison today after a federal jury in Portland found him guilty of transporting and possessing photos and videos depicting child sexual abuse. A Portland, Oregon, man appeared in federal court today after being charged and arrested for sex trafficking of a child. A Pendleton, Oregon, man pleaded guilty today to sexually abusing two minors and engaging in sexual contact with a third minor. District of Oregon
Main Office:
1000 SW Third Ave Suite 600
Portland, Oregon 97204 Telephone: (503)727-1000 Have a question about Government Services?"
814,https://www.fbi.gov/contact-us/field-offices/neworleans/news/former-ascension-parish-sheriffs-office-deputy-pleads-guilty-to-receipt-of-child-pornography,25,"An official website of the United States government United States Attorney Ronald C. Gathe, Jr. announced that Todd Eric Tripp, age 35, of Sorrento, Louisiana, pled guilty before U.S. District Judge John W. deGravelles to receipt of child pornography.  As a result of his conviction, Tripp faces a significant term of imprisonment, a fine, and a period of supervised release—which includes sex offender registration requirements. According to admissions made during his plea, from March 2020, and continuing until October 2020, Tripp used a multimedia instant messaging application to obtain child pornography.  Tripp received at least 15 images of minors engaged in sexually explicit conduct. This matter was being investigated by the Federal Bureau of Investigation, the Ascension Parish Sherriff’s Office, and the York County, South Carolina Sheriff’s Office.  This case is being prosecuted by Assistant United States Attorney Edward H. Warner and Criminal Chief Jamie A. Flowers Jr. This case was brought as part of Project Safe Childhood, a nationwide initiative to combat the growing epidemic of child sexual exploitation and abuse, launched in May 2006 by the Department of Justice.  Led by U.S. Attorneys’ Offices and CEOS, Project Safe Childhood marshals federal, state, and local resources to better locate, apprehend, and prosecute individuals who exploit children via the Internet, as well as to identify and rescue victims.  For more information about Project Safe Childhood, please visit http://www.justice.gov/psc. United States Attorney Kurt L. Wall announced that a federal grand jury recently returned a three-count indictment charging Kevontae Kendell Joseph Reed, age 30, of Baker, Louisiana, with production of... Despite the recent government shutdown, federal courts across the nation utilized various resources to guarantee the continuity of justice and continued to operate on essential cases, including criminal prosecutions, immigration... Acting United States Attorney Ellison C. Travis announced that a federal grand jury recently returned an indictment charging Shengjie Cheng, age 32, a Chinese national residing in Baton Rouge, Louisiana... Middle District of Louisiana
Main Office:
451 Florida Street Suite 300
Baton Rouge, LA 70801 Telephone: 225-389-0443
Fax Line: 225-389-0561
Civil Fax: 225-389-0685 Have a question about Government Services?"
1830,https://www.fbi.gov/contact-us/field-offices/kansascity/news/springfield-sex-offender-sentenced-for-child-pornography,14,"An official website of the United States government SPRINGFIELD, Mo. – A Springfield, Mo., man who is a registered sex offender was sentenced in federal court today for receiving child pornography. Marvin E. Smith, 44, was sentenced by U.S. District Judge Roseann A. Ketchmark to 16 years in federal prison without parole. The court also sentenced Smith to spend the rest of his life on supervised release following incarceration. On March 5, 2024, Smith pleaded guilty to one count of receiving child pornography. Smith’s state parole officer discovered images of child pornography on his cell flip phone on Feb. 8, 2023. The next day, the manager of the halfway house where Smith resided discovered a microSD card that had been taped to the back of Smith’s television. Investigators found additional files of child pornography on the microSD card, including infants and prepubescent girls being sexually assaulted and children engaged in bestiality and bound. In total, investigators found more than 6,400 files of child pornography. Smith has prior felony convictions for possessing child pornography and residing within 1,000 feet of a school. Smith had been released from state prison eight months earlier and was on parole at the time he committed the federal offense in this case. This case was prosecuted by Assistant U.S. Attorney Stephanie L. Wan. It was investigated by the FBI, the Southwest Missouri Cyber Crimes Task Force, and the Springfield, Mo., Police Department. Project Safe Childhood This case was brought as part of Project Safe Childhood, a nationwide initiative launched in May 2006 by the Department of Justice to combat the growing epidemic of child sexual exploitation and abuse. Led by the United States Attorneys' Offices and the Criminal Division's Child Exploitation and Obscenity Section, Project Safe Childhood marshals federal, state, and local resources to locate, apprehend, and prosecute individuals who sexually exploit children, and to identify and rescue victims. For more information about Project Safe Childhood, please visit www.usdoj.gov/psc . For more information about Internet safety education, please visit www.usdoj.gov/psc and click on the tab ""resources."" A nurse at the Veterans Affairs hospital in Kansas City, Mo., was sentenced today by U.S. District Judge Roseann A. Ketchmark to 10 years’ imprisonment and 15 years of supervised... Dennis Adlai Hernandez, 28,  Kansas City, Mo., a former elementary school teacher and employee of two area school districts has been indicted by a federal grand jury for additional child... An Olathe, Ks., man pleaded guilty today before U.S. District Judge Roseann A. Ketchmark to stealing 41 firearms from a gun store in Raytown, Mo., and for transporting child pornography... Western District of Missouri
U.S. Attorney's Office
Room 5510
400 East 9th Street
Kansas City, MO 64106 Telephone: (816) 426-3122
Fax Line: (816) 426-4210 Have a question about Government Services?"
3044,https://www.fbi.gov/contact-us/field-offices/cleveland/news/press-releases/van-wert-county-man-sentenced-to-10-years-in-prison-for-possession-of-child-pornography,36,
178,https://www.fbi.gov/contact-us/field-offices/oklahomacity/news/stilwell-resident-sentenced-to-30-years-for-aggravated-sexual-abuse,18,"An official website of the United States government MUSKOGEE, OKLAHOMA – The United States Attorney’s Office for the Eastern District of Oklahoma announced that Bryan Udale Jones, age 63, of Stilwell, Oklahoma, was sentenced to 360 months for one count of Aggravated Sexual Abuse in Indian Country.  Jones will also be required to register under the Sex Offender Registration and Notification Act. The charges arose from investigations by the Federal Bureau of Investigation and the Adair County Sheriff’s Office. On May 2, 2023, Jones pleaded guilty to the charge.  According to investigators, beginning in 2003 and continuing into 2010, Jones sexually assaulted a minor under the age of 12.  As part of the plea agreement, Jones admitted to additional assaults on three other minors over a span of 15 years.  The crimes occurred in Adair County, within the boundaries of the Cherokee Nation Reservation, in the Eastern District of Oklahoma. “Four innocent children suffered unimaginable horrors at the hands of Bryan Jones.  He is both a danger and a disgrace, and now, thanks to the courage of the victims who came forward in this case, he will spend the rest of his natural life behind prison bars,” said FBI Oklahoma City Special Agent in Charge Edward J. Gray.  “This sentence sends a clear message that the FBI and our law enforcement partners will not tolerate the abuse and exploitation of children.” “Thanks to brave individuals with the courage to speak up and the diligent efforts of investigators and prosecutors, Bryan Udale Jones will effectively spend the rest of his life in prison,” said United States Attorney Christopher J. Wilson.  “I want to thank our partners in the Federal Bureau of Investigation and the Adair County Sheriff’s Office for their work on this case and for their continued partnership in keeping our communities safe from child predators.” This case was brought as part of Project Safe Childhood, a nationwide initiative launched in May 2006 by the Department of Justice to combat the growing epidemic of child sexual exploitation and abuse.  Led by the United States Attorneys’ Offices and the Criminal Division’s Child Exploitation and Obscenity Section, Project Safe Childhood marshals federal, state, and local resources to locate, apprehend, and prosecute individuals who sexually exploit children, and to identify and rescue victims.  For more information about Project Safe Childhood, please visit www.justice.gov/psc. The Honorable Ronald A. White, Chief Judge in the United States District Court for the Eastern District of Oklahoma, presided over the hearing.  Jones will remain in the custody of the U.S. Marshal pending transportation to a designated United States Bureau of Prisons facility to serve a non-paroleable sentence of incarceration. Assistant United States Attorney Nicole Paladino represented the United States. MUSKOGEE, OKLAHOMA – The United States Attorney’s Office for the Eastern District of Oklahoma announced that Brandon Leal Castro, age 34, of Mexico, was sentenced to 97 months in prison... MUSKOGEE, OKLAHOMA – The United States Attorney’s Office for the Eastern District of Oklahoma announced that Jaylon Parker Jackson Gore, age 25, of Ada, Oklahoma, entered a guilty plea to... MUSKOGEE, OKLAHOMA – The United States Attorney’s Office for the Eastern District of Oklahoma announced that Zachary Aaron Holderness, age 25, of Durant, Oklahoma, entered a guilty plea to an... Eastern District of Oklahoma
Main Office:
520 Denison Ave
Muskogee OK  74401 Muskogee:  (918) 684-5100
Toll-Free:  (800) 659-7913
Fax: (918) 684-5150 Have a question about Government Services?"
2843,https://www.fbi.gov/contact-us/field-offices/kansascity/news/press-releases/topeka-man-indicted-for-child-porn,34,
961,https://www.fbi.gov/contact-us/field-offices/detroit/news/man-sentenced-to-70-months-in-nationwide-sextortion-case,26,"An official website of the United States government GRAND RAPIDS, MICHIGAN — U.S. Attorney for the Western District of Michigan Mark Totten today announced that Brandon Huu Le, 22, of Maitland, Florida, was sentenced to 70 months in prison for receipt of child pornography in connection with a sextortion scheme using the popular social media app Snapchat. In sentencing Le, U.S. District Judge Robert J. Jonker said the conduct was “heinous” and Le’s threats were “serious, graphic, coercive, and manipulative.” Judge Jonker also commented on the increasing frequency of sextortion schemes and the fact that these schemes cause “harsh results and pain” and “sometimes much worse.” “Mr. Le’s actions were nothing short of vile,” said U.S. Attorney Mark Totten. “They had a devastating impact upon his victims. Sextortion is a growing threat in Michigan and across the nation, and my office will continue to hold these perpetrators accountable. With our law enforcement partners, we stand ready to protect anyone who finds themselves a victim of this crime.” Video message from U.S. Attorney TottenLinks to other government and non-government sites will typically appear with the “external link” icon to indicate that you are leaving the Department of Justice website when you click the link. concerning the Le case. “Protecting our young people from predators like Brandon Le is a top priority for the FBI and law enforcement agencies across Michigan,” said Devin J. Kowalski, Acting Special Agent in Charge of the FBI in Michigan. “Today’s sentence should bring some measure of peace to Le’s survivors who very courageously reported his behavior to law enforcement. The community is considerably safer with Le behind bars. According to court records, Le used social media accounts associated with the alias “Ty Addison” to contact at least 270 girls on Snapchat between August 2019 and December 2019.  If a girl responded, Le turned the conversation to sexual topics. Le then began an escalating series of threats. His threats targeted his adolescent victims’ fears and insecurities about their futures, their relationships, their reputations, their bodies and bodily autonomy, and their safety. Le used publicly available information about the girls (for example, their schools and online contacts) to bolster his threats. In some cases, Le threatened girls into turning on their Snapchat location sharing to identify where they lived. He typically threatened to publicly disclose the sexually charged conversation unless the girl sent him an explicit picture, threatened to release the picture unless the girl sent him an explicit video, and threatened to release the video unless the girl engaged in a live video call in which the girl followed sexual commands as Le directed in the chat.  His threats included messages such as ““Either f-----g send the pic now or I’m not gonna give your [sic] anymore chances . . . I think you want me to mail to your house now . . . I think you want your parents to see those nudes you sent me . . . Maybe your sisters want to see what a good slut you are” and “[D]o you want me to post your nudes? Do you want to ruin your chances of ever going to a good college? Do you want to ruin your chances of getting a good job?” Many of Le’s victims were minors and, as they told Le, the images and videos he solicited were child pornography. One of Le’s victims was a 13-year-old girl living in the Western District of Michigan. Some victims begged him to stop; other times parents intervened and told Le to stop, but he persisted—if victims blocked him, he contacted them on other platforms, messaged their friends and family, or followed through on his threats, including in one case sending explicit pictures of a victim to her college’s admissions department. Copies of the indictment, the government’s sentencing memorandum, and the government’s sentencing exhibits are attached below. The FBI provides the following tips on how people can protect themselves from sextortion schemes: If you have information about or believe you are a victim of sextortion, contact your local FBI field office, call 1-800-CALL-FBI, or report it online at http://tips.fbi.gov. More information is available at https://www.fbi.gov/how-we-can-help-you/safety-resources/scams-and-safety/common-scams-and-crimes/sextortion . The case was investigated by the FBI, the Coplay (Pennsylvania) Police Department, and the Maitland (Florida) Police Department.  Assistant U.S. Attorney Adam Townshend represented the United States. 205 Child Victims Located and 293 Child Sex Abuse Offenders Arrested in Nationwide Crackdown, Including 1 in the Western District of Michigan Western District of Michigan
Main Office:
330 Ionia Avenue, N.W.
Suite 501
Grand Rapids, MI 49503 Contact the U.S. Attorney's Office for the Western District of Michigan Phone: (616) 456-2404
Fax Line: (616) 456-2408 Have a question about Government Services?"
1630,https://www.fbi.gov/contact-us/field-offices/losangeles/news/palmdale-man-indicted-for-allegedly-producing-sexually-explicit-material-featuring-teenage-girls,12,"An official website of the United States government LOS ANGELES – A Palmdale man is scheduled to be arraigned today on a 12-count federal grand jury indictment alleging he coerced two minors into producing and sharing with him sexually explicit content of themselves and enticed one minor to have sex with him. Darius Desean Edwards, 21, of Palmdale, is charged with five counts of production of child pornography, five counts of receipt of child pornography, and two counts of enticement of a minor to engage in criminal sexual activity. Edwards, who was employed by Palmdale’s Department of Parks and Recreation until his recent termination, was arrested this morning and is scheduled to be arraigned this afternoon in United States District Court in downtown Los Angeles. According to the indictment, from October 2023 until December 2023, Edwards engaged in sexual conversations with a then 16-year-old girl and requested her to produce and share with him child sexual abuse material (CSAM) of herself. Edwards received at least one video from this victim depicting CSAM. In March 2024, Edwards communicated with a then 15-year-old girl and requested that she produce and share with him CSAM of herself. Edwards received at least one photo and three videos from this victim depicting CSAM. An indictment contains allegations that a defendant has committed a crime. Every defendant is presumed to be innocent until and unless proven guilty beyond a reasonable doubt in court. If convicted, Edwards would face a mandatory minimum sentence of five years in federal prison for each count of receipt of child pornography, a mandatory minimum sentence of 15 years in federal prison for each count of production of child pornography, and a mandatory minimum sentence of 10 years in federal prison and a statutory maximum of life in prison for each count of enticement of a minor to engage in criminal sexual activity. The FBI is investigating this matter. Assistant United States Attorney Lyndsi Allsop with the Violent and Organized Crime Section is prosecuting this case. Connor Williams
Public Affairs Officer
connor.williams@usdoj.gov
(213) 894-6965 A federal grand jury today returned a six-count indictment against four members of a far-left, anti-capitalist, and anti-government group that allegedly plotted to set off bombs in Southern California on... Sixteen members and associates of the San Gabriel Valley-based, Mexican Mafia-linked Puente-13 street gang were arrested today on federal criminal complaints alleging their involvement in one kidnapping, two shootings, illegal... Four members of an anti-capitalist and anti-government group that calls for violence against United States officials have been arrested for allegedly plotting to attack two U.S. companies with improvised explosive... Central District of California
312 N. Spring St. Suite 1200
Los Angeles, CA 90012 Phone: (213) 894-2400
Fax: (213) 894-0141 Have a question about Government Services?"
124,https://www.fbi.gov/contact-us/field-offices/stlouis/news/registered-sex-offender-admits-new-child-sex-crime,18,"An official website of the United States government ST. LOUIS – A registered sex offender from northeast Missouri on Wednesday admitted crossing state lines to engage in sex with a minor. Joshua T. Wilson, 23, of Monroe County, Missouri, pleaded guilty to a charge of transporting a minor across state lines to engage in sexual activity. As part of his guilty plea, Wilson admitted that he met a 16-year-old girl in the spring of 2022. Wilson and the victim began interacting on an almost-daily basis via online apps. They engaged in sexual conversations and exchanged sexual images. Wilson also met the teen for sex, and took her to Kansas, where he engaged in unlawful sexual activity with her. Wilson is a registered sex offender. The charge against Wilson carries a mandatory prison term of 10 years, and is punishable by up to 30 years in prison. The FBI and the Monroe County Sheriff’s Department investigated the case. Assistant U.S. Attorney Dianna Edwards prosecuted the case. This case was brought as part of Project Safe Childhood, a nationwide initiative to combat the growing epidemic of child sexual exploitation and abuse launched in May 2006 by the Department of Justice. Led by U.S. Attorneys’ Offices and the Department of Justice Criminal Division's Child Exploitation and Obscenity Section, Project Safe Childhood marshals federal, state and local resources to better locate, apprehend and prosecute individuals who exploit children via the Internet, as well as to identify and rescue victims. For more information about Project Safe Childhood, please visit www.justice.gov/psc. Robert Patrick, Public Affairs Officer, robert.patrick@usdoj.gov. The cases against Brent Stephens and Yashpreet are among the 293 arrests nationwide during Operation Relentless Justice, a coordinated enforcement effort to identify, track, and arrest child sex predators. Francisco Ocana-Talamantes admitted being caught with images and videos containing child sexual abuse material. Rayshaun Reed recording a sex act with the teen, possessing drugs and possessing other images containing child sexual abuse material. Eastern District of Missouri
Main Office:
Thomas Eagleton U.S. Courthouse
111 S. 10th Street, 20th Floor
St. Louis, MO 63102 St. Louis: (314) 539-2200
Cape Girardeau: (573) 334-3736 Have a question about Government Services?"
1388,https://www.fbi.gov/contact-us/field-offices/stlouis/news/missouri-man-sentenced-21-years-in-prison-for-recording-minor-victim-in-bathroom,9,"An official website of the United States government CAPE GIRARDEAU – U.S. District Audrey G. Fleissig on Tuesday sentenced a man whose trial for recording a girl in the bathroom revealed allegations that he had sexually abused at least three other children to 21 years in prison. Rayford Evans, 52, of Doniphan, in Ripley County, was convicted of attempted sexual exploitation of a minor after a one-day bench trial in January. Evidence and testimony showed that Evans used his cell phone to record a 15-year-old girl while she was bathing and using the bathroom by holding it up to a window above the bathroom door. The victim saw the phone and told a friend, the friend’s father and then her own father, who contacted the Doniphan City Police Department. An officer found three videos of the girl that Evans tried to delete. During Evans trial, another victim testified about her sexual abuse at the hands of Evans, and there was testimony that Evans had recorded videos of a different girl. Three others testified at Evans’ sentencing hearing Tuesday about his sexual abuse of them. “Evans has sexually exploited children for decades,” Assistant U.S. Attorney Julie Hunter wrote in a sentencing memo, and “used bribery in the form of electronics, toys, and candy to violate the trust of innocent children to sexually abuse them.” One victim described Evans in a letter as a predator who has “hunted children, for his depraved sexual appetite, for at least 26 years.” Evans has disputed the allegations involving other victims. The FBI and the Doniphan City Police Department investigated the case. Assistant U.S. Attorney Julie Hunter prosecuted the case. This case was brought as part of Project Safe Childhood, a nationwide initiative to combat the growing epidemic of child sexual exploitation and abuse launched in May 2006 by the Department of Justice. Led by U.S. Attorneys’ Offices and the Department of Justice Criminal Division's Child Exploitation and Obscenity Section, Project Safe Childhood marshals federal, state and local resources to better locate, apprehend and prosecute individuals who exploit children via the Internet, as well as to identify and rescue victims. For more information about Project Safe Childhood, please visit www.justice.gov/psc. Robert Patrick, Public Affairs Officer, robert.patrick@usdoj.gov. The cases against Brent Stephens and Yashpreet are among the 293 arrests nationwide during Operation Relentless Justice, a coordinated enforcement effort to identify, track, and arrest child sex predators. Francisco Ocana-Talamantes admitted being caught with images and videos containing child sexual abuse material. Rayshaun Reed recording a sex act with the teen, possessing drugs and possessing other images containing child sexual abuse material. Eastern District of Missouri
Main Office:
Thomas Eagleton U.S. Courthouse
111 S. 10th Street, 20th Floor
St. Louis, MO 63102 St. Louis: (314) 539-2200
Cape Girardeau: (573) 334-3736 Have a question about Government Services?"
891,https://www.fbi.gov/contact-us/field-offices/sanantonio/news/round-rock-pastor-sentenced-to-federal-prison-for-child-pornography,25,"An official website of the United States government AUSTIN, Texas – A Georgetown man was sentenced in a federal court in Austin on Wednesday to 70 months in prison and 10 years of supervised release for an enhanced charge of possession of child pornography. According to court documents, David Lloyd Walther, 57, knowingly searched for, downloaded, distributed and possessed child sexual abuse material, including child pornography—some of which depicted prepubescent minors—using BitTorrent, a peer-to-peer file sharing network.  During a search of Walther’s home and vehicle in November 2022, two large computer hard drives were located and found to contain more than 100,000 images and more than 5,000 videos of child sexual abuse material.  At the time of his arrest, Walther was the pastor of Faith Baptist Church in Round Rock. In addition to the prison and supervised release terms, the judge also ordered Walther to pay restitution of $61,000. “Many families in the Round Rock area placed their trust in this man when he served as a leader in faith for their community,” said U.S. Attorney Jaime Esparza for the Western District of Texas.  “I hope that those families can find comfort in knowing our law enforcement partners and justice system are committed to protecting them, ensuring that predators such as Walther cannot continue to pose a threat to innocent children.” “This case was especially disturbing given the defendant’s position of trust in the community,” said Special Agent in Charge Oliver E. Rich, Jr. for the FBI San Antonio Division.  “This sentencing sends a strong message to child predators that the FBI and our law enforcement partners will never relent in our duty to protect children from sexual abuse and exploitation wherever these crimes are present in our nation.” The FBI San Antonio Division's Child Exploitation and Human Trafficking Task Force investigated the case with assistance from the Round Rock Police Department, the Collin County Sheriff’s Office, the Williamson County Sheriff's Office and the Williamson County Children's Advocacy Center. Assistant U.S. Attorney Matthew Devlin prosecuted the case. This case was brought as part of Project Safe Childhood, a nationwide initiative to combat the growing epidemic of child sexual exploitation and abuse launched in May 2006 by the Department of Justice. Led by U.S. Attorneys’ Offices and CEOS, Project Safe Childhood marshals federal, state and local resources to better locate, apprehend and prosecute individuals who exploit children via the Internet, as well as to identify and rescue victims. For more information about Project Safe Childhood, please visit www.justice.gov/psc. USATXW.MediaInquiry@usdoj.gov The Department of Justice announced the results of Operation Relentless Justice, a coordinated enforcement effort to identify, track, and arrest child sex predators. In conjunction with the operation, the U.S... The cases against Brent Stephens and Yashpreet are among the 293 arrests nationwide during Operation Relentless Justice, a coordinated enforcement effort to identify, track, and arrest child sex predators. The Department of Justice announced the results of Operation Relentless Justice, a coordinated enforcement effort to identify, track, and arrest child sex predators. The nationwide crackdown resulted in over 205... Western District of Texas
Main Office:
601 NW Loop 410, Suite 600
San Antonio, Texas 78216 San Antonio (Main): (210) 384-7100
Alpine: (432) 837-7332
Austin: (512) 916-5858
Del Rio: (830) 703-2025
El Paso: (915) 534-6884
Midland: (432) 686-4110
Waco: (254) 750-1580 Have a question about Government Services?"
2440,https://www.fbi.gov/contact-us/field-offices/indianapolis/news/muncie-pedophile-sentenced-to-14-years-in-federal-prison-for-distribution-of-child-sexual-abuse-material-via-kik,30,
2896,https://www.fbi.gov/contact-us/field-offices/albany/news/troy-sex-offender-sentenced-for-attempting-to-entice-a-minor,34,
662,https://www.fbi.gov/contact-us/field-offices/pittsburgh/news/erie-resident-pleads-guilty-to-violating-federal-laws-related-to-the-sexual-exploitation-of-children,23,"An official website of the United States government ERIE, Pa. - A resident of Erie, Pennsylvania, pleaded guilty in federal court to a charge of violating federal laws relating to the sexual exploitation of children, United States Attorney Eric G. Olshan announced today. Darren Steven George Akers, 48, of Erie, Pennsylvania, pleaded guilty to receiving child sexual abuse material before United States District Judge Susan Paradise Baxter. In connection with the guilty plea, the court was advised that on or about March 9, 2023, Akers received and attempted to receive images depicting prepubescent minors engaging in sexually explicit conduct. Akers also possessed and accessed with intent to view child sexual abuse material from in and around May 2022, to in and around March 2023. This case was brought as part of Project Safe Childhood, a nationwide initiative launched in May 2006 by the Department of Justice to combat the growing epidemic of child sexual exploitation and abuse. Led by the United States Attorneys' Offices and the Criminal Division's Child Exploitation and Obscenity Section (CEOS), Project Safe Childhood marshals federal, state, and local resources to locate, apprehend, and prosecute individuals who sexually exploit children, and to identify and rescue victims. For more information about Project Safe Childhood, please visit www.justice.gov/psc. Judge Baxter scheduled sentencing for March 19, 2024 at 1:30 p.m. The law provides for a total sentence of 20 years in prison, a fine of $250,000, or both. Under the Federal Sentencing Guidelines, the actual sentence imposed is based upon the seriousness of the offenses and the prior criminal history, if any, of the defendant.
Pending sentencing, the court continued Akers on bond. Assistant United States Attorney Christian A. Trabold is prosecuting this case on behalf of the government. The Federal Bureau of Investigation and the Pennsylvania State Police conducted the investigation that led to the prosecution of Akers. 700 Grant Street, Suite 4000
Pittsburgh, PA 15219 17 South Park Row, Room A330
Erie, PA 16501 319 Washington Street, Suite 200
Johnstown, PA 15901 Pittsburgh: 412-644-3500
Fax: 412-644-4549 Erie: 814-452-2906
Fax: 814-455-6951 Johnstown: 814-533-4547
Fax: 814-533-4545 Have a question about Government Services?"
3043,https://www.fbi.gov/contact-us/field-offices/littlerock/news/press-releases/little-rock-man-sentenced-to-life-in-prison-for-sex-trafficking-of-a-minor,36,
543,https://www.fbi.gov/contact-us/field-offices/newyork/news/registered-sex-offender-sentenced-to-15-years-in-prison-for-his-enticement-of-an-orange-county-minor,22,"An official website of the United States government Damian Williams, the United States Attorney for the Southern District of New York, announced today that MATTHEW MILLS was sentenced to 15 years in prison by U.S. District Judge Nelson Román for his enticement of an 11-year-old minor.  Today’s sentencing followed MILLS’s guilty plea on September 29, 2023. U.S. Attorney Damian Williams said: “Matthew Mills’s crimes are the nightmare of every parent.  Even after registering as a sex offender, Mills was able to prey on a young child from across the country, but the career prosecutors of this Office and our investigative partners were relentless in pursuing this predator.  Today’s lengthy sentence ensures that Mills will face justice for his reprehensible conduct.” According to documents filed in this case and statements made in related court proceedings: From on or about July 30, 2020, up to and including on or about July 31, 2020, MATTHEW MILLS exchanged text messages with an 11-year-old minor (“Victim-1”) and directed Victim-1 to take and transmit sexually explicit photographs and videos of Victim-1 to MILLS.  At the time of these communications, MILLS was in Colorado and Victim-1 was in Orange County. Earlier in 2020, MILLS pled guilty to Sexual Exploitation of a Child, a Class 4 Felony, in the state of Colorado.  As a result of this offense, on or about July 10, 2020, MILLS was sentenced to an eight-year term of probation and was required to register as a sex offender in Colorado. *                *                * In addition to the prison sentence, MILLS, 32, of Aurora, Colorado, was sentenced to a lifetime of supervised release. Mr. Williams praised the efforts of the Federal Bureau of Investigation (“FBI”), the FBI Hudson Valley Safe Streets Task Force, the Orange County Sheriff’s Office, and the Denver Police Department in connection with this investigation. The prosecution is being handled by the Office’s White Plains Division.  Assistant U.S. Attorney Marcia S. Cohen is in charge of the prosecution. Nicholas Biase
(212) 637-2600 United States Attorney for the Southern District of New York, Jay Clayton, and Assistant Director in Charge of the New York Field Office of the Federal Bureau of Investigation (“FBI”)... United States Attorney for the Southern District of New York, Jay Clayton, and Special Agent in Charge of the New York Regional Office of the U.S. Department of Health and... Sean S. Buckley, Attorney for the United States, Acting under Authority Conferred by 28 U.S.C. § 515, announced today that ARLASA DAVIS was sentenced to twenty-four months in prison for... Southern District of New York
26 Federal Plaza, 37th Floor
New York, NY 10278 Main Office & Criminal Division: (212) 637-2200 Have a question about Government Services?"
834,https://www.fbi.gov/contact-us/field-offices/cincinnati/news/press-releases/middletown-man-arrested-for-coercing-exploiting-children-online,25,"An official website of the United States government CINCINNATI – Federal agents arrested a Middletown man this morning on charges alleging he exploited and coerced child victims online. William Scott Elam, 52, allegedly connected with an estimated 20 minor females on sites and apps like Omegle and Discord and pretended to be a 14-year-old. According to an affidavit filed in support of the criminal complaint, in July 2023, the FBI in Milwaukee was made aware of a potential child victim through a report to law enforcement that originated with a mandated reporter. The report involved a 12-year-old victim. It is alleged the victim met Elam on Omegle, a free online chat website that allows users to socialize without the need to register. The service randomly pairs users in one-on-one chat sessions where they chat anonymously using the names “you” and “stranger.” Elam and the victim allegedly exchanged Discord contact information and began chatting on the app. Elam allegedly pretended to be a 14-year-old male and coerced the child victim to send him live sexual material by telling her that he would log off Discord and cut himself if she did not comply. It is alleged that Elam also pretended to be a 14-year-old cousin to his other persona. Using the second persona, he allegedly coerced the victim into sending new live sexual content by threatening to show “his cousin’s mom” her previous encounters with Elam. A search of Elam’s Discord account revealed similar sexual encounters with at least three other minor victims between October and December 2022. It is alleged that Elam also instructed one victim to self-harm via cutting on live video in addition to coercing the victim to perform sex acts live on camera. Elam appeared in federal court in 1:30pm today. His detention hearing is scheduled for 1:30pm tomorrow before Chief Magistrate Judge Karen L. Litkovitz. Sexually exploiting children is a federal crime punishable by a prison range of 15 to 30 years in prison. Coercion and enticement carries a potential penalty of at least 10 years and up to life in prison. Kenneth L. Parker, United States Attorney for the Southern District of Ohio, and J. William Rivers, Special Agent in Charge, Federal Bureau of Investigation (FBI), Cincinnati Division, announced the charges. Assistant United States Attorney Kyle J. Healey is representing the United States in this case. A criminal complaint merely contains allegations, and defendants are presumed innocent unless proven guilty in a court of law. CINCINNATI – A Blue Ash man has been charged federally with child exploitation and pornography crimes for allegedly hiding spy cameras in the house of minor victims. COLUMBUS, Ohio – Federal agents arrested a Grove City man today who has been charged federally with child pornography and video voyeurism crimes. CINCINNATI – Jonathan Malachi Washington, 30, of Cincinnati, pleaded guilty in U.S. District Court today to conspiring to sex traffic children by “paying” for sex with a minor. Southern District of Ohio
Main Office:
303 Marconi Boulevard, Suite 200
Columbus, OH 43215 Have a question about Government Services?"
2451,https://www.fbi.gov/contact-us/field-offices/mobile/news/daphne-man-sentenced-to-17-years-for-child-pornography-offenses,30,
491,https://www.fbi.gov/contact-us/field-offices/nashville/news/sextortion-a-growing-threat-targeting-minors,21,"Share on X X.com Share on Facebook Facebook Email Email Offenders Deceive and Manipulate Victims to Create Sexually Explicit Material for Extortion Purposes MEMPHIS, TN—The FBI wants to warn parents, educators, caregivers, and children about the dangers of online activity that may lead to the solicitation and enticement of a minor to engage in sexual acts. Sextortion involves an offender coercing a minor to create and send sexually explicit images or video. An offender gets sexually explicit material from the child, then threatens to release that compromising material unless the victim produces more. These offenders are seeking sexual gratification. Financially motivated sextortion is a criminal act that involves an offender coercing a minor to create and send sexually explicit material. Offenders threaten to release that compromising material unless they receive payment, which is often requested in gift cards, mobile payment services, wire transfers, or cryptocurrency. These offenders are motivated by financial gain, not necessarily just sexual gratification. Victims are typically males between the ages of 14 to 17, but any child can become a victim. For financially motivated sextortion, offenders are usually located outside the United States and primarily in West African countries such as Nigeria and Ivory Coast, or Southeast Asian countries such as the Philippines. These crimes can lead victims to self-harm and have led to suicide. From October 2021 to March 2023, the FBI and Homeland Security Investigations received over 13,000 reports of online financial sextortion of minors. The sextortion involved at least 12,600 victims—primarily boys—and led to at least 20 suicides. In the six-month period from October 2022 to March 2023, the FBI observed at least a 20% increase in reporting of financially motivated sextortion incidents involving minor victims compared to the same time period the previous year. “The FBI has seen a horrific increase in reports of financial sextortion schemes,” said Special Agent in Charge Douglas DePodesta of the FBI Memphis Field Office. “Protecting children is one of the highest priorities of the FBI. We need parents and caregivers to work with us to prevent this crime before it happens and help children come forward if it does.” If you or someone you know believes that they are a victim of sextortion or financially motivated sextortion, immediately report the activity to law enforcement. You can report it to the FBI by calling 1-800-CALL-FBI or visiting tips.fbi.gov. For more information on sextortion and financial sextortion, visit the FBI’s resources on the threats at: https://www.fbi.gov/sextortion and https://www.fbi.gov/how-we-can-help-you/scams-and-safety/common-scams-and-crimes/sextortion/financially-motivated-sextortion. emailStay Connected
Get FBI email alerts
Subscribe No Thanks
×"
2915,https://www.fbi.gov/contact-us/field-offices/sanantonio/news/press-releases/st-louis-county-man-admits-740000-pandemic-fraud,35,
681,https://www.fbi.gov/contact-us/field-offices/cleveland/news/former-priest-sentenced-to-life-in-prison-for-sex-trafficking-three-victims-in-northern-ohio,23,"An official website of the United States government TOLEDO – Michael Zacharias, 56, of Findlay, Ohio was sentenced to life in prison today by U.S. District Judge Jack Zouhary and ordered to serve 5 years of supervised release, pay a $500 special assessment and pay $25,000 pursuant to the Justice for Victims of Trafficking Act. Zacharias was previously found guilty after a jury trial of five counts of sex trafficking following a two-week trial in May 2023. Evidence presented at trial showed that Zacharias was a priest-in-training when he first met the three victims at a Catholic school in Toledo in 1999. The evidence showed that he used his position of authority as a spiritual leader to groom the boys and grow close with their families before ultimately coercing the victims into engaging in commercial sex acts, two of which were still minors but all three of which he victimized in their adulthood, by exploiting their opioid addictions to cope with the trauma of the abuse.
“Michael Zacharias’s victims trusted him, as a spiritual advisor, a confidant, a community leader, and someone in a position of authority. He exploited his position and that trust to target and victimize young boys and their families, causing lasting damage to both,” said United States Attorney Rebecca C. Lutzko. “Zacharias was held accountable because of the courageous testimony of these young men, who gave voice to his betrayal and abuse, relieved this unimaginable horror, and withstood Zacharias’s predictable attempts at trial to attack their veracity. I applaud the bravery of these young men, the people who supported them, and the dogged efforts of the assigned FBI agent, who together exposed this predator, masquerading as a man of faith. Although no amount of time can ever wholly repair the damage that Zacharias inflicted on his victims, the life sentence that he received today is a significant step toward finding justice and protecting our community. It sends a message to others who consider similar conduct that the United States Attorney’s Office will aggressively pursue charges against those who target our children.” “Using a position of trust while deviously preying on one’s vulnerabilities, especially juveniles, is reprehensible,” said FBI Cleveland Special Agent in Charge Greg Nelsen. “The FBI has zero tolerance for sexual predators and those who commit crimes against children. We will continue to find and investigate individuals and their network who exploit and traffic children and seek justice for the victims and their families.” Evidence presented at trial, including the testimony of the three victims and family members, established that Zacharias first met the victims when they were just 5-, 11-, and 13-year-old students at a parochial school in Toledo in 1999. Zacharias served as a respected Catholic priest in Northwest Ohio for more than 20 years, while secretly exploiting his victims as they struggled in school, fell into opioid addiction, developed criminal histories, and became even more financially dependent on him to avoid opioid withdrawal and homelessness. Zacharias’ betrayal of the victims’ trust caused them serious psychological harm. Instead of helping the victims or providing referrals for their needs, Zacharias exploited them for his own pleasure. Zacharias preyed on the victims' ongoing fear of the painful physical symptoms of opioid withdrawal they would suffer without money he paid them, which sustained their growing addictions. Financial and phone records showed that when one of the victims was unavailable due to drug rehabilitation or incarceration, Zacharias incessantly solicited the other victims for commercial sex acts, including the youngest brother of his first victim, who was a freshman in high school and already struggling with opioid addiction when Zacharias began abusing him for sex.
The FBI Cleveland Field Office, Lima and Toledo Resident Agencies investigated the case. Assistant U.S. Attorney Tracey Ballard Tangeman for the Northern District of Ohio and Trial Attorney Lindsey Roberson of the Civil Rights Division’s Human Trafficking Prosecution Unit prosecuted the case. Anyone who has information about human trafficking should report that information to the National Human Trafficking Hotline toll-free at 1-888-373-7888, which is available 24 hours a day, seven days a week. For more information about human trafficking, please visit www.humantraffickinghotline.orgLinks to other government and non-government sites will typically appear with the “external link” icon to indicate that you are leaving the Department of Justice website when you click the link.. Information on the Justice Department’s efforts to combat human trafficking can be found at www.justice.gov/humantrafficking. Thomas P. Weldon
Thomas.Weldon@usdoj.gov
(216) 622-3651 Jeffrey Deitsch, 36, of St. Marys and later Spencerville, Ohio, was sentenced on February 1, 2024, to 210 months in prison by U.S. District Judge Jeffrey J. Helmick, after he... A federal jury in Northern District of Ohio convicted Michael J. Zacharias, a priest, of five counts of sex trafficking. CLEVELAND – In recognition of January as National Human Trafficking Prevention Month, the U.S. Attorney's Office for the Northern District of Ohio is encouraging residents to continue the fight against... Northern District of Ohio
Main Office:
Office of the United States Attorney
801 West Superior Avenue; Suite 400
Cleveland, Ohio 44113-1852 Telephone: 216-622-3600
TTY: 216-522-3086 Have a question about Government Services?"
50,https://www.fbi.gov/contact-us/field-offices/portland/news/eastern-oregon-man-sentenced-to-more-than-12-years-in-federal-prison-for-sexually-abusing-two-minors-he-met-online,17,"An official website of the United States government PORTLAND, Ore.—A La Grande, Oregon man was sentenced to more than 12 years in federal prison Wednesday for sexually abusing and transporting two minors from Washington State he met through Snapchat. Albert Wayne Johnson, 42, was sentenced to 151 months in federal prison and 10 years’ supervised release. According to court documents, on August 8, 2022, deputies from the Clackamas County Sheriff’s Office responded to a call of two minors abandoned at Barton Park in Boring, Oregon. The children told the deputies they met Johnson on Snapchat and that he had driven them from Washington State through Idaho and into Oregon, and had sexually abused both during the trip. Along the way, Johnson stopped at a motel in Othello, Washington, where he abused the children, and a campground near La Grande, where he continued to abuse one of the children. After arriving in Boring, Johnson left the children at a campsite in Barton Park and never returned. In August 2022, after receiving information about the abduction and abuse that had occurred, detectives from the Othello Police Department contacted the motel in Othello and obtained surveillance footage showing Johnson with the two children. On August 30, 2022, officers and deputies from the La Grande Police Department, Union County Sheriff’s Office, Union County Probation Department, and Umatilla Tribal Police Department located Johnson at his residence in La Grande and arrested him on an outstanding parole violation warrant. On October 5, 2022, Johnson was charged by criminal complaint with coercing and enticing a minor and transporting a minor with intent to engage in criminal sexual activity. Later, on November 2, 2022, a federal grand jury in Portland returned a three-count indictment charging Johnson with traveling across state lines to engage in a sexual act with a minor, transporting a minor with intent to engage in criminal sexual activity, and commission of a sex offense by a registered sex offender. On January 24, 2024, Johnson pleaded guilty to transporting a minor with intent to engage in criminal sexual activity. This case was investigated by the FBI Pendleton Resident Agency with assistance from the Othello Police Department, La Grande Police Department, Union County Sheriff’s Office, Union County Probation Department, Umatilla Tribal Police Department, and Clackamas County Sheriff’s Office. It was prosecuted by Cassady Adams, Assistant U.S. Attorney for the District of Oregon. Anyone who has information about the physical or online exploitation of children are encouraged to call the FBI at (503) 224-4181 or submit a tip online at tips.fbi.gov. This case was brought as part of Project Safe Childhood, a nationwide initiative launched in May 2006 by the Justice Department to combat the growing epidemic of child sexual exploitation and abuse. For more information about Project Safe Childhood, please visit www.justice.gov/psc. A Wilsonville, Oregon, man was sentenced to federal prison today after a federal jury in Portland found him guilty of transporting and possessing photos and videos depicting child sexual abuse. A Portland, Oregon, man appeared in federal court today after being charged and arrested for sex trafficking of a child. A Pendleton, Oregon, man pleaded guilty today to sexually abusing two minors and engaging in sexual contact with a third minor. District of Oregon
Main Office:
1000 SW Third Ave Suite 600
Portland, Oregon 97204 Telephone: (503)727-1000 Have a question about Government Services?"
2672,https://www.fbi.gov/contact-us/field-offices/saltlakecity/news/former-colstrip-police-officer-admits-to-receiving-child-pornography,32,
1499,https://www.fbi.gov/contact-us/field-offices/minneapolis/news/oglala-man-sentenced-to-17-and-one-half-years-in-federal-prison-for-receiving-child-pornography,10,"An official website of the United States government RAPID CITY - United States Attorney Alison J. Ramsdell announced today that U.S. District Judge Camela C. Theeler has sentenced an Oglala, South Dakota, man following his conviction for two counts of Receipt of Child Pornography. The sentencing took place on March 17, 2025. Johnathan Morrison, 34, was sentenced to eight years and nine months in federal prison on each count for a total of 210 months in prison, followed by five years of supervised release on each count with the time to run concurrently, and ordered to pay a $100 special assessment to the Federal Crime Victims Fund for each count. Morrison was also ordered to pay $95 in restitution to the South Dakota Internet Crimes Investigation Fund and to forfeit his interest in a smartphone. He will also be required to register as a sex offender under the Sex Offender Registration and Notification Act. A federal grand jury indicted Morrison in February of 2024. He pleaded guilty on January 8, 2025. In August 2023, Morrison solicited a 10-year old female to engage in sexually explicit conduct over social media. Shortly thereafter, an adult learned that Morrison had enticed the child and reported Morrison’s criminal actions to the Oglala Sioux Tribe Department of Public Safety. Morrison was immediately apprehended and arrested. His smartphone was seized as evidence. An extraction of his smartphone revealed that prior to August 2023, Morrison downloaded and installed multiple social media platforms, including KIK, Telegram, and Snapchat onto his cellular device. Through these platforms, Morrison solicited, sent, and received images and videos containing child pornography. Some of the images recovered involved prepubescent females engaged in sexual acts. Through his chats, investigators learned that Morrison had an interest in 10-14 year old females. The search also revealed that Morrison had made sexual advances to his girlfriend’s teenage daughter and that he had covertly photographed her over 130 times with his smartphone. This case was brought as part of Project Safe Childhood, a nationwide initiative to combat the growing epidemic of child sexual exploitation and abuse, launched in May 2006 by the Department of Justice. Led by the U.S. Attorneys’ Offices and the DOJ’s Child Exploitation and Obscenity Section, Project Safe Childhood marshals federal, state, and local resources to locate, apprehend, and prosecute individuals who exploit children, as well as identify and rescue victims. For more information about Project Safe Childhood, please visit https://www.justice.gov/psc. This case was investigated by the FBI, the Oglala Sioux Tribe Department of Public Safety, and the South Dakota Internet Crimes Against Children Task Force. Assistant U.S. Attorney Megan Poppen prosecuted the case. Morrison was immediately remanded to the custody of the U.S. Marshals Service. The Department of Justice announced the results of Operation Relentless Justice, a coordinated enforcement effort to identify, track, and arrest child sex predators. The nationwide crackdown resulted in over 205... United States Attorney Ron Parsons announced today that U.S. District Judge Charles B. Kornmann has sentenced a McLaughlin, South Dakota, man convicted of Assault Resulting in Serious Bodily Injury.  The sentencing... United States Attorney Ron Parsons announced today that U.S. District Judge Charles B. Kornmann has sentenced a Sisseton, South Dakota, man convicted of Assault with a Dangerous Weapon.  The sentencing... District of South Dakota
Main Office:
PO Box 2638
Sioux Falls, SD 57101-2638 Telephone: (605) 330-4400
Hearing Impaired TTY Phone: (605) 330-4403 Have a question about Government Services?"
525,https://www.fbi.gov/contact-us/field-offices/buffalo/news/cheektowaga-man-pleads-guilty-to-sex-trafficking,22,"An official website of the United States government BUFFALO, N.Y. - U.S. Attorney Trini E. Ross announced today that James Fox, 41, of Cheektowaga, NY, pleaded guilty before U.S. District Judge John L. Sinatra, Jr. to sex trafficking by coercion, which carries a mandatory minimum penalty of 15 years in prison, a maximum of life in prison, and a $250,000 fine. Assistant U.S. Attorneys Nicholas T. Cooper and Aaron J. Mango, who are handling the case, stated that between January 2019, and May 2020, Fox coerced an individual identified as T.P. to engage in commercial sex acts for him, providing T.P., who was addicted to heroin, with heroin and crack cocaine in exchange for sex. On the verge of physical withdrawal sickness, Fox supplied T.P. with small amounts of heroin to keep T.P. dependent and to coerce T.P. to engage in commercial sex acts, which included the use of physical restraints. On one occasion, T.P. suffered a heroin overdose. Fox administered four doses of Narcan and T.P. ultimately regained consciousness. In addition, between 2018 and 2021, Fox coerced five other individuals to engage in commercial sex acts for him. Fox provided these victims, who were also addicted to heroin, with heroin and crack cocaine in exchange for sex. Similarly to T.P., these victims would be on the verge of physical withdrawal sickness, and Fox would supply them with a small mount to keep them dependent and to coerce them to engage in commercial sex acts, which included the use of physical restraints. The plea is a result of an investigation by Homeland Security Investigations, under the direction of Special Agent-in-Charge Matthew Scarpino, the Federal Bureau of Investigation, under the direction of Special Agent-in-Charge Matthew Miraglia, the Lancaster Police Department, under the direction of Chief William Karn. Jr. and Cheektowaga Police Department, under the direction of Chief Brian Coons. Sentencing is scheduled for May 15, 2024, at 10:00 a.m. before Judge Sinatra. U.S. Attorney Michael DiGiacomo announced today that a federal grand jury returned an indictment charging Edward E. Leeper, Jr. aka Edward E. Barnes, Jr., 47, of Jamestown, NY, attempted sex... U.S. Attorney Michael DiGiacomo announced today that Augusto Mateo Francisco, 34, of Dunkirk, NY, who was convicted of two counts of forced labor, and one count of transportation of a... U.S. Attorney Michael DiGiacomo announced today that Anthony Burris, 34, of Jamestown, NY, pleaded guilty before Senior U.S. District Judge William M. Skretny to two counts of enticing travel to... Western District of New York 138 Delaware Ave.
Buffalo, NY 14202 100 State Street Suite 500
Rochester, NY 14614 Buffalo: (716) 843-5700 Rochester: (585) 263-6760 Have a question about Government Services?"
7,https://www.fbi.gov/contact-us/field-offices/houston/news/distributor-of-pedo-lives-matter-child-pornography-chatroom-sent-to-prison,17,"An official website of the United States government HOUSTON – A 35-year-old Spring resident has been sentenced for distributing, receiving and possessing child sexual abuse material, announced U.S. Attorney Alamdar S. Hamdani. Oscar Barrios pleaded guilty Nov. 30, 2023. U.S. District Judge Alfred Bennett has now sentenced Barrios to 144 months for the distribution and receipt of child pornography counts and 120 months for the possession of child pornography count, respectively. They will run concurrently for a total 144-month term of imprisonment. In handing down the prison terms, the court noted Barrios violated a position of trust as a father with minor children in the household. Barrios was further ordered to pay $20,500 in restitution to the victims and will serve five years life on supervised release following completion of his prison term. During that time, he will have to comply with numerous requirements designed to restrict his access to children and the internet. Barrios will also be ordered to register as a sex offender. Barrios distributed and received child pornography on multiple messaging applications such as Kik and Discord. He participated in chatrooms, including one named “Pedo Lives Matter,” where members engaged in trading child pornography. In these chatrooms, Barrios made statements proclaiming sexual interest in a minor female relative. During a search of his electronic devices, law enforcement uncovered 66 videos and one image of child pornography. Barrios will remain in custody pending transfer to a U.S. Bureau of Prisons facility to be determined in the near future. The FBI conducted the investigation with the assistance of the Texas Department of Family and Protective Services. Assistant U.S. Attorneys Rebekah Saunders and Christine Lu are prosecuting the case, which was brought as part of Project Safe Childhood (PSC), a nationwide initiative the Department of Justice (DOJ) launched in May 2006 to combat the growing epidemic of child sexual exploitation and abuse. U.S. Attorneys' Offices and the Criminal Division's Child Exploitation and Obscenity Section leads PSC, which marshals federal, state and local resources to locate, apprehend and prosecute individuals who sexually exploit children and identifies and rescues victims. For more information about PSC, please visit DOJ’s PSC page. For more information about internet safety education, please visit the resources tab on that page. A 25-year-old man has been sentenced for coercion and enticement of a minor A 59-year-old resident of League City has been indicted on multiple counts to include coercion and enticement of a minor, and possession and production of child sexual abuse material A 52-year-old Spring resident has pleaded guilty to sex trafficking of a minor Southern District of Texas
1000 Louisiana, Ste. 2300
Houston, TX 77002 Houston: 713-567-9000
Fax Line: 713-718-3300 Have a question about Government Services?"
1719,https://www.fbi.gov/contact-us/field-offices/columbia/news/nigerian-man-extradited-to-the-us-after-being-indicted-for-sextortion-scheme-that-caused-death-of-south-carolina-teen,13,"An official website of the United States government COLUMBIA, S.C. — Hassanbunhussein Abolore Lawal (luh-wall), 24, of Osun State, Nigeria, has been extradited to the United States from Nigeria to face prosecution in a partially unsealed indictment for the sextortion of a South Carolina minor, which led to the victim’s death. This investigation was launched after Gavin Guffey, a 17-year-old from Rock Hill, died by suicide in July 2022 after being victimized by Lawal’s scheme. Lawal allegedly posed as a young woman on social media and coerced the teen into sending compromising photos. He then extorted and sent harassing messages to the teen threatening to leak the photos and ruin his reputation unless the teen sent him money. Lawal later did the same to members of his family. The five-count federal indictment charges Lawal with child exploitation resulting in death, the production and distribution of child sexual abuse material, coercion and enticement of a minor, cyberstalking resulting in death, interstate threats with intent to extort, and aiding/abetting. In addition to victimizing the teen in every count, the indictment alleges Lawal targeted the minor victim’s family in the stalking and extortion charges. Lawal faces up to life in prison, and mandatory minimum prison sentences on multiple counts. The child exploitation resulting in death count carries a mandatory 30-year sentence. He also faces mandatory restitution, where the court may order Lawal to pay for losses incurred by the family as a result of his scheme. The indictment was returned by a federal Grand Jury in South Carolina in October 2023. On Jan. 24, following extradition proceedings in Nigeria, agents with the FBI Columbia Field Office took custody of Lawal in Lagos, Nigeria and executed the removal with assistance from Nigerian law enforcement. “We will not allow predators who target our children to hide behind a keyboard or across the ocean. Today we honor Gavin’s life and continue our fight against sextortion by holding this defendant accountable,” said U.S. Attorney Adair Ford Boroughs for the District of South Carolina. “This investigation and extradition are the result of tremendous law enforcement coordination both in the United States and Nigeria. We’re grateful to the many agencies who helped make this day possible.” “This indictment represents the culmination of countless hours of dedicated work done by our investigators both here and abroad,” said Steve Jensen, Special Agent in Charge of the FBI Columbia Field Office. “The defendant’s alleged actions are reprehensible resulting in the tragic loss of a young man’s life. We remain steadfast in our commitment to holding criminals accountable, especially those who target our children and endanger their lives, no matter where they are.” U.S. Attorney Boroughs and SAC Jensen thanked the U.S. Department of Justice’s Office of International Affairs (OIA), and U.S. State Department for their help in facilitating the arrest and extradition of Lawal. Nigerian law enforcement provided critical assistance in the identification, investigation, arrest, and extradition of Lawal. U.S. Attorney Boroughs and SAC Jensen extend their appreciation and thanks to the Economic and Financial Crimes Commission (EFCC), the Nigerian Attorney General’s Office – Ministry of Justice, and all other involved Nigerian authorities for their important partnership in this case. This case is part of Project Safe Childhood, a nationwide initiative designed to protect children from online exploitation and abuse. The U.S. Attorney’s Office, county prosecutor's offices, the Internet Crimes Against Children task force (ICAC), federal, state, tribal, and local law enforcement are working closely together to locate, apprehend, and prosecute individuals who exploit children. The partners in Project Safe Childhood work to educate local communities about the dangers of online child exploitation, and to teach children how to protect themselves. For more information about Project Safe Childhood, please visit the following website: www.projectsafechildhood.govLinks to other government and non-government sites will typically appear with the “external link” icon to indicate that you are leaving the Department of Justice website when you click the link.. Individuals with information or concerns about possible child exploitation should contact local law enforcement officials. If someone you know is being victimized by sextortion, please report to local law enforcement and to the FBI. Learn more about sextortion and find resources for parents, caregivers, and teachers. The case was investigated by the FBI Columbia Field Office, the FBI's Violent Crimes Against Children Section and International Operations Division, the South Carolina Law Enforcement Division, and the York County Sheriff’s Office. Assistant U.S. Attorneys Elliott B. Daniels, Lothrop Morris, and Michael Shedd are prosecuting the case. All charges in the indictment are merely accusations and that defendants are presumed innocent unless and until proven guilty beyond a reasonable doubt in a court of law. CHARLESTON, S.C. — A Lowcountry firefighter accused of the sexual exploitation of a child has been arraigned in federal court. A federal grand jury returned a four-count indictment against John Lewis Cottrell... GREENVILLE, S.C. — Luis Alfred Romero, 37, of Omaha, Nebraska, has been sentenced to more than nine years in federal prison for distributing child sexual abuse material. COLUMBIA, S.C. — Matthew Valkinburg, 35, of Pueblo, Colorado, has been sentenced to more than seven years in federal prison after pleading guilty to possessing child sexual abuse material. Valkinburg... District of South Carolina Main Office:
Wells Fargo Building
1441 Main Street Suite 500
Columbia, SC 29201 Columbia: (803) 929-3000
Charleston: (843) 727-4381
Greenville: (864) 282-2100
Florence: (843) 665-6688 Have a question about Government Services?"
1198,https://www.fbi.gov/contact-us/field-offices/atlanta/news/justice-department-announces-north-georgia-results-of-operation-restore-justice,7,"An official website of the United States government ATLANTA – Between April 28, 2025 through May 1, 2025, the Federal Bureau of Investigation (FBI) conducted Operation Restore Justice, a coordinated enforcement effort, by all 55 FBI field offices, United States Attorneys’ Offices across the country, and the Child Exploitation and Obscenity Section of the Department of Justice’s Criminal Division (CEOS), to identify, track, and arrest child sex offenders.  The operation resulted in the rescue of 115 children and the arrests of 205 subjects, including six individuals charged in the Northern District of Georgia: Austin Hunter Bedingfield, 27, of Douglasville; Ian Dudar, 26, of Roswell; Kenneth Frazier, 30, of Powder Springs; Eduardo Gardea, 26, of Norcross; Connie Lynn Thompson, 52, of Grantville; and Christopher Welcher, 44, of Grantville. “The Department of Justice will never stop fighting to protect victims – especially child victims – and we will not rest until we hunt down, arrest, and prosecute every child predator who preys on the most vulnerable among us,” said Attorney General Pamela Bondi. “I am grateful to the FBI and their state and local partners for their incredible work in Operation Restore Justice and have directed my prosecutors not to negotiate.” “Sex crimes against minors are especially heinous,” said U.S. Attorney Theodore S. Hertzberg. “We commend our federal and local law enforcement partners for their tireless efforts to hold accountable those who prey on children and achieve a measure of justice for the victims and their families.” “Every child deserves to grow up free from fear and exploitation, and the FBI will continue to be relentless in our pursuit of those who exploit the most vulnerable among us,” said FBI Director Kash Patel. “Operation Restore Justice proves that no predator is out of reach and no child will be forgotten. By leveraging the strength of all our field offices and our federal, state, and local partners, we’re sending a clear message: there is no place to hide for those who prey on children.” “Our commitment is resolute. FBI Atlanta remains steadfast in its mission to safeguard children from those who seek to harm society’s most vulnerable,” said Paul Brown, Special Agent in Charge of FBI Atlanta. “However, let there be no confusion – this week’s operation is just one chapter in a relentless, year-round effort that our dedicated agents are fully invested in. We will continue to leverage every tool and resource at our disposal to track down child predators and ensure they face justice.” According to U.S. Attorney Hertzberg, the charges, and other information presented in court, the following defendants were arrested in connection with the operation, indicted by federal grand juries seated in the Northern District of Georgia, and have now been arraigned before a United States Magistrate Judge: Members of the public are reminded that the indictments only contain charges.  The defendants are presumed innocent of the charges and it will be the government’s burden to prove the defendants’ guilt beyond a reasonable doubt at trial. United States Attorney Theodore S. Hertzberg and Assistant United States Attorneys James Hwang, Matthew LaGrone, Leanne Marek, and Amy Palumbo are prosecuting these cases. These cases are being investigated by the Federal Bureau of Investigation, with valuable assistance from the Cobb County Police Department, Georgia Bureau of Investigation, and Rome/Floyd Metro Drug Task Force. This effort follows the Department of Justice’s observance of National Child Abuse Prevention Month in April 2025, and underscores the Department’s unwavering commitment to protecting children and raising awareness about the dangers they face. While the Department, including the FBI and U.S. Attorneys’ Offices, investigate and prosecute these crimes every day, April served as a powerful reminder of the importance of preventing these crimes, seeking justice for victims, and raising awareness through community education. The Department is committed to combating child sexual exploitation. These cases were brought as part of Project Safe Childhood, a nationwide initiative to combat the epidemic of child sexual exploitation and abuse launched in May 2006 by the Department. Led by U.S. Attorneys’ Offices and CEOS, Project Safe Childhood marshals federal, state, and local resources to better locate, apprehend, and prosecute individuals who exploit children via the internet, as well as to identify and rescue victims. For more information about Project Safe Childhood, visit www.justice.gov/psc. The Department partners with and oversees funding grants for the National Center for Missing and Exploited Children (NCMEC), which receives and shares tips about possible child sexual exploitation received through its 24/7 hotline at 1-800-THE-LOST and on missingkids.orgLinks to other government and non-government sites will typically appear with the “external link” icon to indicate that you are leaving the Department of Justice website when you click the link.. The Department urges the public to remain vigilant and report suspected exploitation of a child through the FBI’s tipline at 1-800-CALL-FBI (225-5324), tips.fbi.gov,Links to other government and non-government sites will typically appear with the “external link” icon to indicate that you are leaving the Department of Justice website when you click the link. or by calling your local FBI field office. For further information please contact the U.S. Attorney’s Public Affairs Office at USAGAN.PressEmails@usdoj.gov or (404) 581-6280.  The Internet address for the U.S. Attorney’s Office for the Northern District of Georgia is http://www.justice.gov/usao-ndga. Johann Rainer Nix has been sentenced to 20 years in federal prison for production of child sexual abuse material. Nix used social media platforms to entice minors to send him... GAINESVILLE, Ga. – Former Athens-Clarke County Police Officer Amber Nicole Ferguson has been indicted on charges of production and attempted production of child sexual abuse material, possession of child sexual... On August 15, 2025, three defendants, including a convicted sex offender on post-release supervision, pled guilty to federal child enticement and evidence tampering charges. U.S. Attorney Theodore S. Hertzberg handled... Northern District of Georgia
Main Office:
Richard B. Russell Federal Building
75 Ted Turner Dr. SW
Suite 600
Atlanta, GA 30303-3309 Tel: (404) 581-6000
Fax: (404) 581-6181 Have a question about Government Services?"
1885,https://www.fbi.gov/contact-us/field-offices/tampa/news/texas-man-indicted-for-coercion-and-enticement-of-a-minor-to-engage-in-sexual-activity-and-receipt-of-child-sex-abuse-material,14,"An official website of the United States government Tampa, Florida – United States Attorney Roger B. Handberg announces the return of an indictment charging James Anthony Davila (20, Cleburne, TX) with coercion and enticement of a minor to engage in sexual activity and receipt of child sex abuse material. If convicted, Davila faces a mandatory penalty of 10 years, up to life, in federal prison for the coercion and enticement count, and a mandatory 5 years, up to 20 years, in federal prison for receiving child sex abuse material. According to court documents, Davila met a 12-year-old girl online while playing a video game. The two continued to communicate and exchanged sexually explicit photos. Davila later drove from Texas to Florida to pick up the child and engage in sexual acts with her. An indictment is merely a formal charge that a defendant has committed one or more violations of federal criminal law, and every defendant is presumed innocent unless, and until, proven guilty. This case was investigated by the Tampa Police Department and the Federal Bureau of Investigation, with assistance from the Midway (Florida) Police Department and the Johnson County (Texas) Sheriff’s Office. It will be prosecuted by Assistant United States Attorney Ross Roberts. This is another case brought as part of Project Safe Childhood, a nationwide initiative launched in May 2006 by the Department of Justice to combat the growing epidemic of child sexual exploitation and abuse. Led by the United States Attorneys’ Offices and the Criminal Division’s Child Exploitation and Obscenity Section, Project Safe Childhood marshals federal, state, and local resources to locate, apprehend, and prosecute individuals who sexually exploit children, and to identify and rescue victims. For more information about Project Safe Childhood, please visit www.justice.gov/psc. Orlando, Florida – U.S. District Judge Julie S. Sneed has sentenced Dariel Javier Quiles-Davila (27, Kissimmee) to seven years in federal prison for receiving child sexual abuse material. Quiles-Davila was found... Jacksonville, Florida – United States Attorney Gregory W. Kehoe announces the  return of an indictment charging Justin Charles Brown (45, Ocala) with producing child sex abuse material (CSAM) and possessing CSAM. If convicted... Tampa, FL – Earlier today, the Department of Justice announced the results of Operation Relentless Justice, a coordinated enforcement effort to identify, track, and arrest child sex predators. The nationwide... Middle District of Florida
Tampa Office - (Headquarters):
U.S. Attorney's Office
400 North Tampa Street
Suite 3200
Tampa, FL 33602 Have a question about Government Services?"
453,https://www.fbi.gov/contact-us/field-offices/atlanta/news/cobb-county-man-sentenced-to-20-years-for-kidnapping-12-year-old-from-barrow-county,21,"An official website of the United States government GAINESVILLE, Ga. - James Anthony Reynolds, who drove a 12-year-old girl from Barrow County, Georgia, to Acworth, Georgia, and sexually assaulted and then abandoned her in a Walmart parking lot in Chattanooga, Tennessee, has been sentenced to 20 years in federal prison. “Child sexual predators are increasingly exploiting social media platforms to target vulnerable minors,” said U.S. Attorney Ryan K. Buchanan.  “While our federal, state, and local law enforcement partners remain steadfast in identifying these criminals, and our office is committed to prosecuting these individuals to the fullest extent of the law, we strongly urge parents to stay vigilant in monitoring their children’s Internet activity, including their use of apps on electronic devices. Thankfully, the minor victim in this case is safe after being reunited with her family.” “No prison sentence can repair the damage James Anthony Reynolds has done. We hope this sentencing is of great comfort to the victim and her family,” said FBI Atlanta Assistant Special Agent in Charge Sean Burke. “The FBI is committed to partnering with our law enforcement partners to prevent, deter, and punish crimes like these.” “This sentencing represents the determination of our agents and law enforcement partners to catch dangerous predators,” said Chris Hosey, Director, Georgia Bureau of Investigation.  “This should serve as a warning to those who seek to prey on our most vulnerable that the GBI and our partners will never cease in our mission. As the threats to children online continue to grow, we will remain vigilant and adapt our methods to protect our children and hold predators accountable.” “As Sheriff I am very proud of the work all agencies did to catch this predator and get him off the streets so that no one else could possibly fall victim to his crimes,” said Barrow County Sheriff Jud Smith.  “Human trafficking is a real problem and I urge if you or anyone you know might be in trouble to call your local law enforcement or the GA Coalition to Combat Human Trafficking at 866-363-4842.” According to U.S. Attorney Buchanan, the charges and other information presented in court: In May 2020, the victim then 12 years old, met a man online on a social media app. During the early morning hours of May 7, 2020, this man, later identified as James Anthony Reynolds, picked up the child, violently and sexually assaulted her, and drove her to Chattanooga, Tennessee. Reynolds then abandoned the child in a Walmart parking lot. The young girl approached a Walmart employee who, fortunately, was able to help the child reach her parents. James Anthony Reynolds, 25, of Acworth, Georgia, was sentenced to 20 years in prison, to be followed by five years of supervised release.  On November 1, 2023, Reynolds pleaded guilty to kidnapping. He continues to face additional charges related to this case in state court. This case was investigated by the Georgia Bureau of Investigation, Barrow County Sheriff’s Office, and the Federal Bureau of Investigation. Assistant U.S. Attorney Jennifer Keen prosecuted the case. This case is being brought as part of Project Safe Childhood. In February 2006, the Attorney General launched Project Safe Childhood, a nationwide initiative designed to protect children from online exploitation and abuse.  Led by the United States Attorney’s Offices around the country, Project Safe Childhood marshals federal, state and local resources to apprehend and prosecute individuals who exploit children. For more information about Project Safe Childhood, please visit www.projectsafechildhood.gov.Links to other government and non-government sites will typically appear with the “external link” icon to indicate that you are leaving the Department of Justice website when you click the link. For further information please contact the U.S. Attorney’s Public Affairs Office at USAGAN.PressEmails@usdoj.gov or (404) 581-6016.  The Internet address for the U.S. Attorney’s Office for the Northern District of Georgia is http://www.justice.gov/usao-ndga. Johann Rainer Nix has been sentenced to 20 years in federal prison for production of child sexual abuse material. Nix used social media platforms to entice minors to send him... GAINESVILLE, Ga. – Former Athens-Clarke County Police Officer Amber Nicole Ferguson has been indicted on charges of production and attempted production of child sexual abuse material, possession of child sexual... ATLANTA - Rico Deville Buice and David Estevan Montillo Diaz have been arrested and charged by criminal complaints with conspiracy to possess with intent to distribute fentanyl. Buice and Diaz... Northern District of Georgia
Main Office:
Richard B. Russell Federal Building
75 Ted Turner Dr. SW
Suite 600
Atlanta, GA 30303-3309 Tel: (404) 581-6000
Fax: (404) 581-6181 Have a question about Government Services?"
231,https://www.fbi.gov/contact-us/field-offices/charlotte/news/statesville-man-sentenced-to-15-years-in-prison-for-possession-and-receipt-of-child-pornography,19,"An official website of the United States government STATESVILLE, N.C. – Jessie Leroy Glass, Jr., 50, of Statesville, was sentenced to 180 months in prison followed by a lifetime of supervised release for possession and receipt of child pornography, announced Dena J. King, U.S. Attorney for the Western District of North Carolina. U.S. District Judge Kenneth D. Bell also ordered Glass to register as a sex offender after he is released from prison and to pay $5,000 in fines and $6,000 in restitution. Robert M. DeWitt, Special Agent in Charge of the Federal Bureau of Investigation (FBI), Charlotte Division, Kyle D. Burns, Acting Special Agent in Charge of Homeland Security Investigations (HSI) in North Carolina and South Carolina, and Sheriff Darren Campbell of the Iredell County Sheriff’s Office join U.S. Attorney King in making today’s announcement. According to trial evidence, witness testimony and filed court documents, between January and February 2020, Glass received and possessed images and videos of child pornography. As trial evidence established, the Iredell County Sheriff’s Office initiated an investigation into Glass after an individual alerted law enforcement about Glass’s possession of child pornography. Over the course of the investigation, law enforcement recovered two cell phones associated with Glass. A forensic analysis of the cell phones revealed that they contained images and videos depicting the sexual abuse of children, including infants and toddlers.  In June 2023, a federal jury convicted Glass on all counts. The Court ordered that Glass not possess electronic devices while he was out on bond both before and after the jury convicted him at trial. At today’s sentencing hearing, the Court granted the government’s request for a higher sentence after the Court found that Glass violated the conditions of his bond on two occasions by possessing electronic devices, including cell phones, that he hid from his supervising probation officer. One of the secret cell phones that Glass possessed after his conviction and while he was on bond contained cartoon images depicting the sexual abuse of children. Glass is in federal custody. He will be transferred to the custody of the federal Bureau of Prisons upon designation of a federal facility. In making today’s announcement, U.S. Attorney King commended the FBI, HSI, and the Iredell County Sheriff’s Office for their investigation of the case. Assistant United States Attorneys Kimlani Ford and Stephanie Spaugh of the U.S. Attorney’s Office in Charlotte prosecuted the case. This case was brought as part of Project Safe Childhood, a nationwide initiative to combat the growing epidemic of child sexual exploitation and abuse, launched in May 2006 by the Department of Justice. Led by U.S. Attorneys’ Offices and the Criminal Division’s Child Exploitation and Obscenity Section (CEOS), Project Safe Childhood marshals federal, state and local resources to better locate, apprehend and prosecute individuals who exploit children via the Internet, as well as to identify and rescue victims. For more information about Project Safe Childhood, please visit www.projectsafechildhood.gov.Links to other government and non-government sites will typically appear with the “external link” icon to indicate that you are leaving the Department of Justice website when you click the link. Western North Carolina
Main Office:
227 West Trade St.
Suite 1650
Charlotte, NC 28202 Charlotte: (704) 344-6222
Asheville: (828) 271-4661 Have a question about Government Services?"
1725,https://www.fbi.gov/contact-us/field-offices/seattle/news/wapato-man-sentenced-to-prison-for-making-unlawful-sexual-contact-with-a-13-year-old-child,13,"An official website of the United States government Yakima, Washington – United States Attorney Vanessa Waldref announced that on January 24, 2025, United States District Judge Mary K. Dimke sentenced Geordell Devon Arthur, age 23, of Wapato, Washington, to 12 months in federal prison on one count of unlawful sexual contact. Judge Dimke also imposed 5 years of supervised release. Arthur will be required to register as a sex offender. At sentencing, Arthur faced a maximum sentence of two years imprisonment, and he was sentenced within the applicable sentencing guidelines range for his offense. According to court documents and information presented at the sentencing hearing, Arthur, who was 19 at the time, made unlawful sexual contact with a 13-year-old girl at a location on the Yakama Nation Indian Reservation on or around May 10, 2021. The victim explained to investigators that Arthur’s friends confronted the victim and threatened her with harm if she spoke to law enforcement. “The harm to victims in cases like these cannot be understated,” said U.S. Attorney Waldref. “It takes courage for victims to come forward, especially when an abuser attempts to silence them. My office is committed to prioritizing offenses against our community’s youngest and most vulnerable victims.” “Mr. Arthur assaulted and then tried to intimidate his victim into silence.” said W. Mike Herrington, Special Agent in Charge of the FBI’s Seattle field office. “However, she displayed courage instead of fear and now her attacker is headed to prison. I applaud her actions as well as those of the investigators who seek justice for victims of these appalling crimes.” The FBI and the Yakama Nation Police Department investigated the case. Assistant United States Attorney Michael Murphy prosecuted the case. Public Affairs Specialist USAWAE.Media@usdoj.gov Eastern District of Washington
Main Office:
920 W Riverside Ave, Suite 340
Spokane, WA 99201 By Mail: P.O. Box 1494, Spokane, WA 99201 Spokane: (509) 353-2767
Yakima: (509) 454-4425 Have a question about Government Services?"
1547,https://www.fbi.gov/contact-us/field-offices/saltlakecity/news/texas-man-sentenced-to-imprisonment-for-enticement-of-a-minor,11,"An official website of the United States government SALT LAKE CITY, Utah – Joshua Michael Bowden, 43, of Dallas, Texas, was sentenced to 120 months’ imprisonment after he admitted to attempting to engage in sexual acts with an 11-year-old and was convicted of coercion and enticement of a minor. According to court documents and statements made at Bowden’s change of plea and sentencing hearing, on September 28, 2023, while in Utah for a business trip, he began engaging in an online conversation with an individual he thought was the father of an 11-year-old boy. The individual Bowden was communicating with was an undercover officer. During communication, Bowden expressed his interest to engage in sexual acts with the 11-year-old boy. When Bowden arrived at the meet up location to act on his interest, he was arrested. A search of Bowden’s phone found child sexual abuse material. Acting United States Attorney Felice John Viti of the District of Utah made the announcement. The case was investigated by the FBI's Child Exploitation and Human Trafficking Task Force. Assistant United States Attorney Joey Blanch of the U.S. Attorney’s Office for the District of Utah prosecuted the case. This case was brought as part of Project Safe Childhood, a nationwide initiative to combat the growing epidemic of child sexual exploitation and abuse launched in May 2006 by the Department of Justice. Led by U.S. Attorneys’ Offices and CEOS, Project Safe Childhood marshals federal, state, and local resources to better locate, apprehend and prosecute individuals who exploit children via the Internet, as well as to identify and rescue victims. For more information about Project Safe Childhood, please visit https://www.justice.gov/psc. SALT LAKE CITY, Utah – Adam Richard Jacobs, 35, of Woods Cross, Utah, was sentenced to 120 months’ imprisonment for child exploitation crimes after he admitted to possessing a hidden... Salt Lake City, Utah – A federal jury in Salt Lake City returned a guilty verdict today against a Utah County man after he sexually abused a 10-year-old girl and... SALT LAKE CITY, Utah – Daniel David Egli, 51, of South Jordan, Utah, was sentenced today to 210 months’ imprisonment after he was convicted in October 2024 by a federal... Home Office:
111 South Main Street
Suite 1800
Salt Lake City, Utah 84111-2176 Salt Lake City: (801) 524-5682
St. George: (435) 634-4270 Have a question about Government Services?"
1321,https://www.fbi.gov/contact-us/field-offices/anchorage/news/shaktoolik-man-pleads-guilty-to-cyberstalking-sexually-exploiting-a-child,9,"An official website of the United States government FAIRBANKS, Alaska – A Shaktoolik man pleaded guilty today to cyberstalking and sexually exploiting a child to produce child pornography. According to court documents, between December 2021 and July 2023, Matthew Jackson, 23, used a phone to send messages to three 15-year-old victims asking them to create and send him pictures and videos depicting sexually explicit conduct. All three victims sent the visuals Jackson requested. During that same time period, Jackson also asked an adult victim for nude images. The adult victim sent Jackson nude images as requested. Jackson then began harassing and threating the adult victim via messaging platforms. Jackson alleged he could make money by selling the images, and that he would sell them if the adult victim refused to engage in sexual intercourse with him. He is scheduled to be sentenced on Aug. 22, 2025, and faces a between 15 years and life in prison. A federal district court judge will determine any sentence after considering the U.S. Sentencing Guidelines and other statutory factors. U.S. Attorney Michael J. Heyman for the District of Alaska and Special Agent in Charge Rebecca Day of the FBI Anchorage Field Office made the announcement. The FBI Anchorage Field Office, with assistance from the Alaska State Troopers, investigated the case. Assistant U.S. Attorney Carly Vosacek prosecuted the case. Reagan Zimmerman-Hartzheim Public Affairs Officer reagan.hartzheim@usdoj.gov JUNEAU, Alaska – A federal grand jury in Alaska returned an indictment this week charging a former Ketchikan church elder with sexually exploiting a child outside the U.S. and with... JUNEAU, Alaska – A federal grand jury in Alaska returned an indictment this week charging a Pelican man with advertising and distributing child sexual abuse material (CSAM). This case is... FAIRBANKS, Alaska – A federal grand jury in Alaska returned an indictment this week charging a Kipnuk man with multiple child pornography offenses. This case is one of three cases... District of Alaska
Main Office:
222 West 7th Avenue, Room 253, #9
Anchorage, Alaska 99513 Telephone: 907-271-5071 
Fax Line: 907-271-2344 Have a question about Government Services?"
1940,https://www.fbi.gov/contact-us/field-offices/losangeles/news/central-coast-man-sentenced-to-more-than-11-years-in-federal-prison-for-receiving-child-pornography-weeks-after-release-from-state-prison,15,"An official website of the United States government LOS ANGELES – A Santa Barbara County man was sentenced today to 135 months in federal prison for receiving thousands of videos containing child sexual abuse material (CSAM) within one month of his parole from California state prison following his conviction for internet-related child sexual exploitation crimes. Giovanni Gonzalez, 34, of Carpinteria, was sentenced by United States District Judge R. Gary Klausner, who also ordered him to pay $24,000 in restitution. Gonzalez pleaded guilty on February 5 to one count of receipt of child pornography. “Within days of his release from state prison for despicable acts he committed against children, this defendant returned to his deplorable ways, obtaining thousands of videos showcasing the sexual exploitation of kids,” said United States Attorney Martin Estrada. “Protecting our children is central to my office’s mission and we will continue to use all available tools to prosecute those who participate in this wicked marketplace that traffics in child abuse.” “Sexual exploitation of children is unacceptable and will not be tolerated in our society,” said Akil Davis, the Assistant Director in Charge of the FBI's Los Angeles Field Office. “This case underscores the FBI's commitment to investigate all offenders who cause harm to our children, and we will ensure these individuals no longer pose a threat to our communities.” According to his plea agreement, on December 1, 2022, Gonzalez was paroled from California state prison following a sentence of more than 17 years for posing as a teenage girl online and coercing at least eight minor female victims into engaging in sex acts and sending him the images, as well as for possessing and sharing CSAM on the internet. Later that month, Gonzalez sought out and began receiving CSAM from sources, including one on WhatsApp, a computer software application on his mobile phone. On December 28, 2022, Gonzalez knowingly received from one source numerous files of CSAM. Upon receiving this material on WhatsApp, Gonzalez saved them to the memory card of his mobile phone. On January 7, 2023, Gonzalez turned over his mobile phone to his parole officer pursuant to his search conditions. Upon inspection, law enforcement found in Gonzalez’s telephone approximately 2,684 videos containing CSAM, of which several depicted prepubescent minors engaged in sexually explicit conduct or sexual exploitation of an infant or toddler. The FBI and the Santa Maria Police Department investigated this matter. The California Department of Corrections and Rehabilitation and the Ventura County Sheriff’s Office provided assistance. Assistant United States Attorney Jeremy K. Beecher of the International Narcotics, Money Laundering, and Racketeering Section prosecuted this case. Ciaran McEvoy
Public Information Officer
ciaran.mcevoy@usdoj.gov
(213) 894-4465 A federal grand jury today returned a six-count indictment against four members of a far-left, anti-capitalist, and anti-government group that allegedly plotted to set off bombs in Southern California on... Sixteen members and associates of the San Gabriel Valley-based, Mexican Mafia-linked Puente-13 street gang were arrested today on federal criminal complaints alleging their involvement in one kidnapping, two shootings, illegal... Four members of an anti-capitalist and anti-government group that calls for violence against United States officials have been arrested for allegedly plotting to attack two U.S. companies with improvised explosive... Central District of California
312 N. Spring St. Suite 1200
Los Angeles, CA 90012 Phone: (213) 894-2400
Fax: (213) 894-0141 Have a question about Government Services?"
1501,https://www.fbi.gov/contact-us/field-offices/buffalo/news/steuben-county-sheriffs-deputy-arrested-on-child-pornography-charges,11,"An official website of the United States government ROCHESTER, NY—U.S. Attorney Michael DiGiacomo announced today that Stuart J. McHenry, 34, of Hornell, NY, was arrested and charged by criminal complaint with distribution and receipt of child pornography, which carries a mandatory minimum penalty of five years in prison, a maximum of 20 years, and a fine of up to $250,000. Assistant U.S. Attorney Katelyn M. Hartford, who is handling the case, stated that according to the complaint, on July 5, 2024, the National Center for Missing and Exploited Children (NCMEC) received a CyberTip from the instant messaging application Kik, which stated that Kik user “acman990,” uploaded approximately 24 files of suspected child pornography. A review of the files found that approximately 22 of the files constituted child pornography, which he sent to other users via private message. Subsequent investigation traced the account to the defendant. During the course of the investigation, it was determined that McHenry works as a deputy for Steuben County Sheriff’s Office. On October 18, 2024, investigators seized two cellular telephones during the execution of a search warrant at McHenry’s Hornell residence. A forensic review of one of the phones determined that Kik was previously installed on the phone and located evidence of use of the Kik username acman990. A review of McHenry’s iCloud account recovered a number of sexually explicit conversations and child pornography on Kik, including the videos reported in the CyberTip as well as additional videos and images of child pornography. McHenry made an initial appearance this afternoon before U.S. Magistrate Judge Mark W. Pedersen and was held pending a detention hearing. The complaint is the result of an investigation by the New York State Police, under the direction of Major Kevin Sucher, the Federal Bureau of Investigation, under the direction of Special Agent-in-Charge Matthew Miraglia, and the Steuben County Sheriff’s Office, under the direction of Sheriff Jim Allard. The fact that a defendant has been charged with a crime is merely an accusation and the defendant is presumed innocent until and unless proven guilty. U.S. Attorney Michael DiGiacomo announced today that Joseph Hudson, III, 26, of Williamson, NY, who was convicted of possession of child pornography following a previous conviction for the sexual abuse... U.S. Attorney Michael DiGiacomo announced today that Marcus Elliott, 40, of Amherst, NY, pleaded guilty before U.S. District Judge Lawrence J. Vilardo to receipt of child pornography, which carries a... U.S. Attorney Michael DiGiacomo announced today that Anthony Burris, 35, of Ellicottville, NY, who was convicted of two counts of enticing travel to engage in sexual activity, was sentenced to... Western District of New York 138 Delaware Ave.
Buffalo, NY 14202 100 State Street Suite 500
Rochester, NY 14614 Buffalo: (716) 843-5700 Rochester: (585) 263-6760 Have a question about Government Services?"
271,https://www.fbi.gov/contact-us/field-offices/minneapolis/news/brandon-man-sentenced-for-attempted-receipt-of-child-pornography,19,"An official website of the United States government SIOUX FALLS - United States Attorney Alison J. Ramsdell announced today that U.S. District Judge Karen E. Schreier has sentenced a Brandon, South Dakota, man convicted of Attempted Receipt of Child Pornography. The sentencing took place on March 14, 2024. Gatlin Wayne Herrera, age 31, was sentenced to five years in federal prison, followed by five years of supervised release, and a special assessment to the Federal Crime Victims Fund in the amount of $100. Herrera will also need to register as a sex offender. Herrera was indicted by a federal grand jury in April of 2022. He pleaded guilty on November 30, 2023. The conviction stemmed from incident between March 7, 2022, and March 16, 2022, when Herrera used his cell phone to knowingly request child pornography from an undercover agent posing as a 14-year-old female. This case was investigated by Homeland Security Investigations, with the assistance of the Internet Crimes Against Children Task Force, South Dakota Division of Criminal Investigation, Sioux Falls Police Department, Minnehaha County Sheriff’s Office, South Dakota Highway Patrol, Air Force Office of Special Investigations, and the FBI. Assistant U.S. Attorney Jeffrey C. Clapper prosecuted the case. This case was brought as part of Project Safe Childhood, a nationwide initiative to combat the growing epidemic of child sexual exploitation and abuse, launched in May 2006 by the Department of Justice. Led by the U.S. Attorneys’ Offices and the DOJ’s Child Exploitation and Obscenity Section, Project Safe Childhood marshals federal, state, and local resources to locate, apprehend, and prosecute individuals who exploit children, as well as identify and rescue victims. For more information about Project Safe Childhood, please visit https://www.justice.gov/psc. Herrera was immediately remanded to the custody of the U.S. Marshals Service. The Department of Justice announced the results of Operation Relentless Justice, a coordinated enforcement effort to identify, track, and arrest child sex predators. The nationwide crackdown resulted in over 205... United States Attorney Ron Parsons announced today that U.S. District Judge Eric C. Schulte has sentenced a man from Rosebud, South Dakota, convicted of Failure to Register as a Sex... United States Attorney Ron Parsons announced today that Chief Judge Roberto A. Lange, U.S. District Court, has sentenced a Sioux Falls, South Dakota, man convicted of Failure to Register as... District of South Dakota
Main Office:
PO Box 2638
Sioux Falls, SD 57101-2638 Telephone: (605) 330-4400
Hearing Impaired TTY Phone: (605) 330-4403 Have a question about Government Services?"
2816,https://www.fbi.gov/contact-us/field-offices/buffalo/news/erie-pennsylvania-man-indicted-on-multiple-child-pornography-charges,34,
764,https://www.fbi.gov/contact-us/field-offices/oklahomacity/news/four-men-sentenced-in-child-sexual-abuse-and-exploitation-crimes,24,"An official website of the United States government Four men were sentenced this week in federal court for committing sex crimes against children, announced U.S. Attorney Clint Johnson. Richard Alan Sisney, 70, of Tulsa, plead guilty on Aug. 8, 2022, to one count of receipt of a visual depiction of a minor engaging in sexually explicit conduct and one count of possession of a visual depiction of a minor engaging in sexually explicit conduct. On Oct. 24, 2023, U.S. District Judge Raul M. Arias-Marxuach sentenced Sisney to prison. The Government and Sisney jointly appealed to the 10th Circuit Court of Appeals, requesting that Sisney be resentenced due to a procedural error. On Oct. 24, 2024, Judge Arias-Marxuach resentenced Sisney to 121 months, followed by 10 years of supervised release. Following his release from prison, Sisney is required to register as a sex offender. The judge further ordered Sisney to pay $12,000 in restitution. In court documents, Sisney admitted to downloading images and videos of young children being sexually abused by adults. The FBI conducted the investigation. Assistant U.S. Attorneys Christopher Nassar and Ashley Robert prosecuted the case. Kenneth James Loftin, 26, of Sapulpa, plead guilty on July 13, 2022, to one count of receipt of child pornography, one count of possession of child pornography in Indian Country, and one count of abusive sexual contact of minor children in Indian Country. On Oct. 24, 2023, U.S. District Judge Raul M. Arias-Marxuach sentenced Loftin to three 120 month sentences to run concurrent followed by lifetime supervision. Following his release from prison, Loftin is required to register as a sex offender. Judge Arias-Marxuach further ordered Loftin to pay $3,000 in restitution. In his plea agreement, Loftin admitted to downloading and viewing numerous images and videos of child pornography from the internet. He also admitted to sexually abusing a child who was under the age of 12. Loftin is a member of the Cherokee Nation. Homeland Security Investigations and Tulsa Police Department conducted the investigation. Assistant U.S. Attorneys George Jiang and Valeria Luster prosecuted the case. Jeffery James Bucchino, 44, of Buford, Georgia, plead guilty on Aug. 10, 2022, to one count of sexual exploitation of a child and one count of coercion and enticement of a minor after previously being convicted for solicitation of a minor in Texas. On Oct. 27, 2023, U.S. District Judge Raul M. Arias-Marxuach sentenced Bucchino to 300 months followed by lifetime supervision. Following his release from prison, Bucchino is required to register as a sex offender. In his plea agreement, Bucchino admitted that he knowingly persuaded a minor living in Tulsa to send him live or recorded videos of herself masturbating over the internet from November 2016 to March 2018. Homeland Security Investigations and Tulsa Police Department conducted the investigation. Assistant U.S. Attorneys George Jiang and Deputy Criminal Chief Christopher Nassar prosecuted the case. Matthew Rame Griner Ramsey, 27, of Vinita, plead guilty on May 30, 2023, to abusive sexual contact with a minor under 12 years of age in Indian Country. On Oct. 24, 2023, U.S. District Judge Raul M. Arias-Marxuach sentenced Ramsey to 120 months followed by lifetime supervision. Following his release from prison, Ramsey is required to register as a sex offender.  In his plea agreement, Ramsey stated that he knowingly engaged in sexual activity with a four-year-old. He further admitted that the abuse was intended to “arouse and gratify” his sexual desires. Ramsey is a member of the Cherokee Nation. The FBI and Vinita Police Department conducted the investigation. Assistant U.S. Attorney Chantelle Dial prosecuted the case. “The sentences handed down this week demonstrate that our justice system will not tolerate those who victimize children,” said U.S. Attorney Clint Johnson. “These terrible crimes cause tremendous physical and psychological trauma on children, our most vulnerable victims. Federal prosecutors and our law enforcement partners will do everything in their power to protect child victims and bring to justice those who exploit children in anyway.” These cases were brought as part of Project Safe Childhood is a unified and comprehensive strategy to combat child exploitation. Initiated in May of 2006, Project Safe Childhood combines law enforcement efforts, community action, and public awareness. The goal of Project Safe Childhood is to reduce the incidence of sexual exploitation of children. There are five essential components to Project Safe Childhood: (1) building partnerships; (2) coordinating law enforcement; (3) training PSC partners; (4) public awareness; and (5) accountability. The Department of Justice is committed to the safety and well-being of our children and has placed a high priority on protecting and combating sexual exploitation of minors. For more information about Project Safe Childhood, please visit www.justice.gov/psc. Public Affairs
918-382-2755 A Tulsa man was sentenced today for two counts related to possessing, receiving, and sharing child sexual abuse material, announced U.S. Attorney Clint Johnson. A man living in Ochelata was sentenced today for Failing to Register as a Sex Offender, announced U.S. Attorney Clint Johnson. A Salina man was sentenced today for Possession of Child Pornography and being a Felon in Possession of Ammunition, announced U.S. Attorney Clint Johnson. Northern District of Oklahoma
110 W. 7th Street
Suite 300
Tulsa, OK 74119 Phone: (918) 382-2700
Fax: (918) 560-7938 Have a question about Government Services?"
